timestamp,value,country
2008-01-22T00:00:00Z,0.0,IS
2008-02-22T00:00:00Z,0.0,IS
2008-03-22T00:00:00Z,0.0,IS
2008-04-22T00:00:00Z,0.0,IS
2008-05-22T00:00:00Z,0.0,IS
2008-06-22T00:00:00Z,0.0,IS
2008-07-22T00:00:00Z,0.0,IS
2008-08-22T00:00:00Z,20.0,IS
2008-09-22T00:00:00Z,43.0,IS
2008-10-22T00:00:00Z,50.0,IS
2008-11-22T00:00:00Z,53.0,IS
2008-12-22T00:00:00Z,96.0,IS
2009-01-22T00:00:00Z,144.0,IS
2009-02-22T00:00:00Z,149.0,IS
2009-03-22T00:00:00Z,151.0,IS
2009-04-22T00:00:00Z,152.0,IS
2009-05-22T00:00:00Z,157.0,IS
2009-06-22T00:00:00Z,493.0,IS
2009-07-22T00:00:00Z,493.0,IS
2009-08-22T00:00:00Z,499.0,IS
2009-09-22T00:00:00Z,506.0,IS
2009-10-22T00:00:00Z,531.0,IS
2009-11-22T00:00:00Z,541.0,IS
2009-12-22T00:00:00Z,546.0,IS
2010-01-22T00:00:00Z,556.0,IS
2010-02-22T00:00:00Z,568.0,IS
2010-03-22T00:00:00Z,572.0,IS
2010-04-22T00:00:00Z,585.0,IS
2010-05-22T00:00:00Z,604.0,IS
2010-06-22T00:00:00Z,620.0,IS
2010-07-22T00:00:00Z,633.0,IS
2010-08-22T00:00:00Z,637.0,IS
2010-09-22T00:00:00Z,638.0,IS
2010-10-22T00:00:00Z,644.0,IS
2010-11-22T00:00:00Z,650.0,IS
2010-12-22T00:00:00Z,1077.0,IS
2011-01-22T00:00:00Z,1640.0,IS
2011-02-22T00:00:00Z,2182.0,IS
2011-03-22T00:00:00Z,3343.0,IS
2011-04-22T00:00:00Z,16508.0,IS
2011-05-22T00:00:00Z,18510.0,IS
2011-06-22T00:00:00Z,18998.0,IS
2011-07-22T00:00:00Z,19889.0,IS
2011-08-22T00:00:00Z,20472.0,IS
2011-09-22T00:00:00Z,20671.0,IS
2011-10-22T00:00:00Z,20794.0,IS
2011-11-22T00:00:00Z,20997.0,IS
2011-12-22T00:00:00Z,21558.0,IS
2012-01-22T00:00:00Z,21609.0,IS
2012-02-22T00:00:00Z,21635.0,IS
2012-03-22T00:00:00Z,21636.0,IS
2012-04-22T00:00:00Z,21813.0,IS
2012-05-22T00:00:00Z,22138.0,IS
2012-06-22T00:00:00Z,25389.0,IS
2012-07-22T00:00:00Z,31762.0,IS
2012-08-22T00:00:00Z,33399.0,IS
2012-09-22T00:00:00Z,33864.0,IS
2012-10-22T00:00:00Z,34320.0,IS
2012-11-22T00:00:00Z,35617.0,IS
2012-12-22T00:00:00Z,40875.0,IS
2013-01-22T00:00:00Z,42299.0,IS
2013-02-22T00:00:00Z,43740.0,IS
2013-03-22T00:00:00Z,45138.0,IS
2013-04-22T00:00:00Z,48441.0,IS
2013-05-22T00:00:00Z,53988.0,IS
2013-06-22T00:00:00Z,56908.0,IS
2013-07-22T00:00:00Z,59280.0,IS
2013-08-22T00:00:00Z,60718.0,IS
2013-09-22T00:00:00Z,62877.0,IS
2013-10-22T00:00:00Z,63322.0,IS
2013-11-22T00:00:00Z,64961.0,IS
2013-12-22T00:00:00Z,65545.0,IS
2014-01-22T00:00:00Z,65846.0,IS
2014-02-22T00:00:00Z,65951.0,IS
2014-03-22T00:00:00Z,66463.0,IS
2014-04-22T00:00:00Z,67109.0,IS
2014-05-22T00:00:00Z,67768.0,IS
2014-06-22T00:00:00Z,68359.0,IS
2014-07-22T00:00:00Z,69233.0,IS
2014-08-22T00:00:00Z,71014.0,IS
2014-09-22T00:00:00Z,71475.0,IS
2014-10-22T00:00:00Z,71845.0,IS
2014-11-22T00:00:00Z,72819.0,IS
2014-12-22T00:00:00Z,73425.0,IS
2015-01-22T00:00:00Z,73627.0,IS
2015-02-22T00:00:00Z,73733.0,IS
2015-03-22T00:00:00Z,74171.0,IS
2015-04-22T00:00:00Z,74467.0,IS
2015-05-22T00:00:00Z,74641.0,IS
2015-06-22T00:00:00Z,74925.0,IS
2015-07-22T00:00:00Z,75088.0,IS
2015-08-22T00:00:00Z,75415.0,IS
2015-09-22T00:00:00Z,75684.0,IS
2015-10-22T00:00:00Z,76124.0,IS
2015-11-22T00:00:00Z,76771.0,IS
2015-12-22T00:00:00Z,76974.0,IS
2016-01-22T00:00:00Z,77012.0,IS
2016-02-22T00:00:00Z,77222.0,IS
2016-03-22T00:00:00Z,77270.0,IS
2016-04-22T00:00:00Z,78434.0,IS
2016-05-22T00:00:00Z,81126.0,IS
2016-06-22T00:00:00Z,83054.0,IS
2016-07-22T00:00:00Z,83920.0,IS
2016-08-22T00:00:00Z,84463.0,IS
2016-09-22T00:00:00Z,85538.0,IS
2016-10-22T00:00:00Z,86297.0,IS
2016-11-22T00:00:00Z,86545.0,IS
2016-12-22T00:00:00Z,86675.0,IS
2017-01-22T00:00:00Z,87168.0,IS
2017-02-22T00:00:00Z,87279.0,IS
2017-03-22T00:00:00Z,87485.0,IS
2017-04-22T00:00:00Z,87878.0,IS
2017-05-22T00:00:00Z,88367.0,IS
2017-06-22T00:00:00Z,89656.0,IS
2017-07-22T00:00:00Z,95341.0,IS
2017-08-22T00:00:00Z,100132.0,IS
2017-09-22T00:00:00Z,102967.0,IS
2017-10-22T00:00:00Z,103308.0,IS
2017-11-22T00:00:00Z,105809.0,IS
2017-12-22T00:00:00Z,107727.0,IS
2018-01-22T00:00:00Z,108609.0,IS
2018-02-22T00:00:00Z,109561.0,IS
2018-03-22T00:00:00Z,110459.0,IS
2018-04-22T00:00:00Z,110653.0,IS
2018-05-22T00:00:00Z,110964.0,IS
2018-06-22T00:00:00Z,111315.0,IS
2018-07-22T00:00:00Z,111443.0,IS
2018-08-22T00:00:00Z,111534.0,IS
2018-09-22T00:00:00Z,111601.0,IS
2018-10-22T00:00:00Z,111680.0,IS
2018-11-22T00:00:00Z,111765.0,IS
2018-12-22T00:00:00Z,111955.0,IS
2019-01-22T00:00:00Z,112083.0,IS
2019-02-22T00:00:00Z,112222.0,IS
2019-03-22T00:00:00Z,112328.0,IS
2019-04-22T00:00:00Z,112792.0,IS
2019-05-22T00:00:00Z,113298.0,IS
2019-06-22T00:00:00Z,113764.0,IS
2019-07-22T00:00:00Z,115957.0,IS
2019-08-22T00:00:00Z,116736.0,IS
2019-09-22T00:00:00Z,117590.0,IS
2019-10-22T00:00:00Z,117955.0,IS
2019-11-22T00:00:00Z,118308.0,IS
2019-12-22T00:00:00Z,118479.0,IS
2020-01-22T00:00:00Z,118564.0,IS
2020-02-22T00:00:00Z,118698.0,IS
2020-03-22T00:00:00Z,119037.0,IS
2020-04-22T00:00:00Z,119353.0,IS
2020-05-22T00:00:00Z,120082.0,IS
2020-06-22T00:00:00Z,120655.0,IS
2020-07-22T00:00:00Z,121137.0,IS
2020-08-22T00:00:00Z,121758.0,IS
2020-09-22T00:00:00Z,122309.0,IS
2020-10-22T00:00:00Z,122890.0,IS
2020-11-22T00:00:00Z,123700.0,IS
2020-12-22T00:00:00Z,125220.0,IS
2021-01-22T00:00:00Z,125776.0,IS
2021-02-22T00:00:00Z,126266.0,IS
2021-03-22T00:00:00Z,126552.0,IS
2021-04-22T00:00:00Z,126813.0,IS
2021-05-22T00:00:00Z,126968.0,IS
2021-06-22T00:00:00Z,127206.0,IS
2021-07-22T00:00:00Z,127479.0,IS
2021-08-22T00:00:00Z,128120.0,IS
2021-09-22T00:00:00Z,128415.0,IS
2021-10-22T00:00:00Z,128770.0,IS
2021-11-22T00:00:00Z,129092.0,IS
2021-12-22T00:00:00Z,129271.0,IS
2022-01-22T00:00:00Z,129326.0,IS
2022-02-22T00:00:00Z,129540.0,IS
2022-03-22T00:00:00Z,129576.0,IS
2022-04-22T00:00:00Z,129607.0,IS
2022-05-22T00:00:00Z,129860.0,IS
2022-06-22T00:00:00Z,129988.0,IS
2022-07-22T00:00:00Z,130124.0,IS
2022-08-22T00:00:00Z,130360.0,IS
2022-09-22T00:00:00Z,130375.0,IS
2022-10-22T00:00:00Z,130368.0,IS
2022-11-22T00:00:00Z,130583.0,IS
2022-12-22T00:00:00Z,130611.0,IS
2023-01-22T00:00:00Z,130746.0,IS
2023-02-22T00:00:00Z,130827.0,IS
2023-03-22T00:00:00Z,131125.0,IS
2023-04-22T00:00:00Z,131173.0,IS
2023-05-22T00:00:00Z,131214.0,IS
2023-06-22T00:00:00Z,131267.0,IS
2023-07-22T00:00:00Z,131291.0,IS
2023-08-22T00:00:00Z,131451.0,IS
2023-09-22T00:00:00Z,131543.0,IS
2023-10-22T00:00:00Z,131637.0,IS
2023-11-22T00:00:00Z,131808.0,IS
2023-12-22T00:00:00Z,131841.0,IS
2024-01-22T00:00:00Z,132104.0,IS
2024-02-22T00:00:00Z,132148.0,IS
2024-03-22T00:00:00Z,132164.0,IS
2024-04-22T00:00:00Z,132298.0,IS
2024-05-22T00:00:00Z,132581.0,IS
2024-06-22T00:00:00Z,132823.0,IS
2024-07-22T00:00:00Z,132893.0,IS
2024-08-22T00:00:00Z,133354.0,IS
2024-09-22T00:00:00Z,133383.0,IS
2024-10-22T00:00:00Z,133406.0,IS
2024-11-22T00:00:00Z,133635.0,IS
2024-12-22T00:00:00Z,133682.0,IS
2025-01-22T00:00:00Z,133699.0,IS
2025-02-22T00:00:00Z,133707.0,IS
2025-03-22T00:00:00Z,133758.0,IS
2025-04-22T00:00:00Z,133849.0,IS
2025-05-22T00:00:00Z,133929.0,IS
2025-06-22T00:00:00Z,134046.0,IS
2025-07-22T00:00:00Z,134060.0,IS
2025-08-22T00:00:00Z,134096.0,IS
2025-09-22T00:00:00Z,134121.0,IS
2025-10-22T00:00:00Z,134144.0,IS
2008-01-22T00:00:00Z,0.0,BH
2008-02-22T00:00:00Z,0.0,BH
2008-03-22T00:00:00Z,0.0,BH
2008-04-22T00:00:00Z,0.0,BH
2008-05-22T00:00:00Z,0.0,BH
2008-06-22T00:00:00Z,0.0,BH
2008-07-22T00:00:00Z,0.0,BH
2008-08-22T00:00:00Z,0.0,BH
2008-09-22T00:00:00Z,0.0,BH
2008-10-22T00:00:00Z,0.0,BH
2008-11-22T00:00:00Z,0.0,BH
2008-12-22T00:00:00Z,0.0,BH
2009-01-22T00:00:00Z,0.0,BH
2009-02-22T00:00:00Z,0.0,BH
2009-03-22T00:00:00Z,0.0,BH
2009-04-22T00:00:00Z,0.0,BH
2009-05-22T00:00:00Z,0.0,BH
2009-06-22T00:00:00Z,0.0,BH
2009-07-22T00:00:00Z,0.0,BH
2009-08-22T00:00:00Z,0.0,BH
2009-09-22T00:00:00Z,0.0,BH
2009-10-22T00:00:00Z,0.0,BH
2009-11-22T00:00:00Z,0.0,BH
2009-12-22T00:00:00Z,1.0,BH
2010-01-22T00:00:00Z,1.0,BH
2010-02-22T00:00:00Z,1.0,BH
2010-03-22T00:00:00Z,1.0,BH
2010-04-22T00:00:00Z,1.0,BH
2010-05-22T00:00:00Z,16.0,BH
2010-06-22T00:00:00Z,28.0,BH
2010-07-22T00:00:00Z,74.0,BH
2010-08-22T00:00:00Z,74.0,BH
2010-09-22T00:00:00Z,75.0,BH
2010-10-22T00:00:00Z,75.0,BH
2010-11-22T00:00:00Z,75.0,BH
2010-12-22T00:00:00Z,75.0,BH
2011-01-22T00:00:00Z,75.0,BH
2011-02-22T00:00:00Z,128.0,BH
2011-03-22T00:00:00Z,141.0,BH
2011-04-22T00:00:00Z,141.0,BH
2011-05-22T00:00:00Z,141.0,BH
2011-06-22T00:00:00Z,143.0,BH
2011-07-22T00:00:00Z,161.0,BH
2011-08-22T00:00:00Z,161.0,BH
2011-09-22T00:00:00Z,161.0,BH
2011-10-22T00:00:00Z,161.0,BH
2011-11-22T00:00:00Z,161.0,BH
2011-12-22T00:00:00Z,161.0,BH
2012-01-22T00:00:00Z,161.0,BH
2012-02-22T00:00:00Z,161.0,BH
2012-03-22T00:00:00Z,161.0,BH
2012-04-22T00:00:00Z,161.0,BH
2012-05-22T00:00:00Z,161.0,BH
2012-06-22T00:00:00Z,161.0,BH
2012-07-22T00:00:00Z,200.0,BH
2012-08-22T00:00:00Z,251.0,BH
2012-09-22T00:00:00Z,256.0,BH
2012-10-22T00:00:00Z,270.0,BH
2012-11-22T00:00:00Z,283.0,BH
2012-12-22T00:00:00Z,283.0,BH
2013-01-22T00:00:00Z,283.0,BH
2013-02-22T00:00:00Z,332.0,BH
2013-03-22T00:00:00Z,333.0,BH
2013-04-22T00:00:00Z,334.0,BH
2013-05-22T00:00:00Z,342.0,BH
2013-06-22T00:00:00Z,342.0,BH
2013-07-22T00:00:00Z,417.0,BH
2013-08-22T00:00:00Z,418.0,BH
2013-09-22T00:00:00Z,418.0,BH
2013-10-22T00:00:00Z,418.0,BH
2013-11-22T00:00:00Z,418.0,BH
2013-12-22T00:00:00Z,418.0,BH
2014-01-22T00:00:00Z,422.0,BH
2014-02-22T00:00:00Z,422.0,BH
2014-03-22T00:00:00Z,428.0,BH
2014-04-22T00:00:00Z,440.0,BH
2014-05-22T00:00:00Z,444.0,BH
2014-06-22T00:00:00Z,445.0,BH
2014-07-22T00:00:00Z,449.0,BH
2014-08-22T00:00:00Z,457.0,BH
2014-09-22T00:00:00Z,463.0,BH
2014-10-22T00:00:00Z,463.0,BH
2014-11-22T00:00:00Z,475.0,BH
2014-12-22T00:00:00Z,475.0,BH
2015-01-22T00:00:00Z,536.0,BH
2015-02-22T00:00:00Z,546.0,BH
2015-03-22T00:00:00Z,546.0,BH
2015-04-22T00:00:00Z,552.0,BH
2015-05-22T00:00:00Z,578.0,BH
2015-06-22T00:00:00Z,779.0,BH
2015-07-22T00:00:00Z,779.0,BH
2015-08-22T00:00:00Z,779.0,BH
2015-09-22T00:00:00Z,779.0,BH
2015-10-22T00:00:00Z,781.0,BH
2015-11-22T00:00:00Z,782.0,BH
2015-12-22T00:00:00Z,782.0,BH
2016-01-22T00:00:00Z,782.0,BH
2016-02-22T00:00:00Z,782.0,BH
2016-03-22T00:00:00Z,804.0,BH
2016-04-22T00:00:00Z,804.0,BH
2016-05-22T00:00:00Z,847.0,BH
2016-06-22T00:00:00Z,865.0,BH
2016-07-22T00:00:00Z,959.0,BH
2016-08-22T00:00:00Z,968.0,BH
2016-09-22T00:00:00Z,977.0,BH
2016-10-22T00:00:00Z,980.0,BH
2016-11-22T00:00:00Z,1010.0,BH
2016-12-22T00:00:00Z,1023.0,BH
2017-01-22T00:00:00Z,1106.0,BH
2017-02-22T00:00:00Z,1244.0,BH
2017-03-22T00:00:00Z,1245.0,BH
2017-04-22T00:00:00Z,5444.0,BH
2017-05-22T00:00:00Z,6147.0,BH
2017-06-22T00:00:00Z,6187.0,BH
2017-07-22T00:00:00Z,6233.0,BH
2017-08-22T00:00:00Z,6247.0,BH
2017-09-22T00:00:00Z,6252.0,BH
2017-10-22T00:00:00Z,6261.0,BH
2017-11-22T00:00:00Z,6266.0,BH
2017-12-22T00:00:00Z,6280.0,BH
2018-01-22T00:00:00Z,6352.0,BH
2018-02-22T00:00:00Z,6534.0,BH
2018-03-22T00:00:00Z,6897.0,BH
2018-04-22T00:00:00Z,6897.0,BH
2018-05-22T00:00:00Z,6897.0,BH
2018-06-22T00:00:00Z,6895.0,BH
2018-07-22T00:00:00Z,6951.0,BH
2018-08-22T00:00:00Z,6955.0,BH
2018-09-22T00:00:00Z,6956.0,BH
2018-10-22T00:00:00Z,6958.0,BH
2018-11-22T00:00:00Z,7165.0,BH
2018-12-22T00:00:00Z,7168.0,BH
2019-01-22T00:00:00Z,7170.0,BH
2019-02-22T00:00:00Z,7211.0,BH
2019-03-22T00:00:00Z,7277.0,BH
2019-04-22T00:00:00Z,7285.0,BH
2019-05-22T00:00:00Z,7304.0,BH
2019-06-22T00:00:00Z,7337.0,BH
2019-07-22T00:00:00Z,7337.0,BH
2019-08-22T00:00:00Z,7346.0,BH
2019-09-22T00:00:00Z,7732.0,BH
2019-10-22T00:00:00Z,7734.0,BH
2019-11-22T00:00:00Z,8302.0,BH
2019-12-22T00:00:00Z,8307.0,BH
2020-01-22T00:00:00Z,8331.0,BH
2020-02-22T00:00:00Z,8355.0,BH
2020-03-22T00:00:00Z,8689.0,BH
2020-04-22T00:00:00Z,10158.0,BH
2020-05-22T00:00:00Z,10290.0,BH
2020-06-22T00:00:00Z,10289.0,BH
2020-07-22T00:00:00Z,11723.0,BH
2020-08-22T00:00:00Z,11992.0,BH
2020-09-22T00:00:00Z,12227.0,BH
2020-10-22T00:00:00Z,12285.0,BH
2020-11-22T00:00:00Z,12314.0,BH
2020-12-22T00:00:00Z,12316.0,BH
2021-01-22T00:00:00Z,12316.0,BH
2021-02-22T00:00:00Z,12321.0,BH
2021-03-22T00:00:00Z,12382.0,BH
2021-04-22T00:00:00Z,12385.0,BH
2021-05-22T00:00:00Z,12386.0,BH
2021-06-22T00:00:00Z,12463.0,BH
2021-07-22T00:00:00Z,12492.0,BH
2021-08-22T00:00:00Z,12493.0,BH
2021-09-22T00:00:00Z,12494.0,BH
2021-10-22T00:00:00Z,12539.0,BH
2021-11-22T00:00:00Z,12593.0,BH
2021-12-22T00:00:00Z,12713.0,BH
2022-01-22T00:00:00Z,12723.0,BH
2022-02-22T00:00:00Z,12735.0,BH
2022-03-22T00:00:00Z,12739.0,BH
2022-04-22T00:00:00Z,12941.0,BH
2022-05-22T00:00:00Z,12956.0,BH
2022-06-22T00:00:00Z,12955.0,BH
2022-07-22T00:00:00Z,12968.0,BH
2022-08-22T00:00:00Z,13089.0,BH
2022-09-22T00:00:00Z,13101.0,BH
2022-10-22T00:00:00Z,13125.0,BH
2022-11-22T00:00:00Z,13129.0,BH
2022-12-22T00:00:00Z,13201.0,BH
2023-01-22T00:00:00Z,13207.0,BH
2023-02-22T00:00:00Z,13256.0,BH
2023-03-22T00:00:00Z,13258.0,BH
2023-04-22T00:00:00Z,13282.0,BH
2023-05-22T00:00:00Z,13293.0,BH
2023-06-22T00:00:00Z,13508.0,BH
2023-07-22T00:00:00Z,13856.0,BH
2023-08-22T00:00:00Z,13849.0,BH
2023-09-22T00:00:00Z,13852.0,BH
2023-10-22T00:00:00Z,13879.0,BH
2023-11-22T00:00:00Z,19393.0,BH
2023-12-22T00:00:00Z,19456.0,BH
2024-01-22T00:00:00Z,22964.0,BH
2024-02-22T00:00:00Z,23321.0,BH
2024-03-22T00:00:00Z,25035.0,BH
2024-04-22T00:00:00Z,25060.0,BH
2024-05-22T00:00:00Z,26353.0,BH
2024-06-22T00:00:00Z,27046.0,BH
2024-07-22T00:00:00Z,27054.0,BH
2024-08-22T00:00:00Z,27110.0,BH
2024-09-22T00:00:00Z,27111.0,BH
2024-10-22T00:00:00Z,27133.0,BH
2024-11-22T00:00:00Z,27134.0,BH
2024-12-22T00:00:00Z,27133.0,BH
2025-01-22T00:00:00Z,27252.0,BH
2025-02-22T00:00:00Z,28438.0,BH
2025-03-22T00:00:00Z,28559.0,BH
2025-04-22T00:00:00Z,28561.0,BH
2025-05-22T00:00:00Z,28594.0,BH
2025-06-22T00:00:00Z,28673.0,BH
2025-07-22T00:00:00Z,28679.0,BH
2025-08-22T00:00:00Z,28682.0,BH
2025-09-22T00:00:00Z,28682.0,BH
2025-10-22T00:00:00Z,28686.0,BH
2008-01-22T00:00:00Z,0.0,WS
2008-02-22T00:00:00Z,0.0,WS
2008-03-22T00:00:00Z,0.0,WS
2008-04-22T00:00:00Z,0.0,WS
2008-05-22T00:00:00Z,0.0,WS
2008-06-22T00:00:00Z,0.0,WS
2008-07-22T00:00:00Z,0.0,WS
2008-08-22T00:00:00Z,0.0,WS
2008-09-22T00:00:00Z,0.0,WS
2008-10-22T00:00:00Z,0.0,WS
2008-11-22T00:00:00Z,0.0,WS
2008-12-22T00:00:00Z,0.0,WS
2009-01-22T00:00:00Z,0.0,WS
2009-02-22T00:00:00Z,0.0,WS
2009-03-22T00:00:00Z,0.0,WS
2009-04-22T00:00:00Z,0.0,WS
2009-05-22T00:00:00Z,0.0,WS
2009-06-22T00:00:00Z,0.0,WS
2009-07-22T00:00:00Z,0.0,WS
2009-08-22T00:00:00Z,0.0,WS
2009-09-22T00:00:00Z,0.0,WS
2009-10-22T00:00:00Z,0.0,WS
2009-11-22T00:00:00Z,0.0,WS
2009-12-22T00:00:00Z,0.0,WS
2010-01-22T00:00:00Z,0.0,WS
2010-02-22T00:00:00Z,0.0,WS
2010-03-22T00:00:00Z,0.0,WS
2010-04-22T00:00:00Z,0.0,WS
2010-05-22T00:00:00Z,0.0,WS
2010-06-22T00:00:00Z,0.0,WS
2010-07-22T00:00:00Z,0.0,WS
2010-08-22T00:00:00Z,0.0,WS
2010-09-22T00:00:00Z,0.0,WS
2010-10-22T00:00:00Z,0.0,WS
2010-11-22T00:00:00Z,0.0,WS
2010-12-22T00:00:00Z,0.0,WS
2011-01-22T00:00:00Z,0.0,WS
2011-02-22T00:00:00Z,0.0,WS
2011-03-22T00:00:00Z,0.0,WS
2011-04-22T00:00:00Z,1.0,WS
2011-05-22T00:00:00Z,1.0,WS
2011-06-22T00:00:00Z,1.0,WS
2011-07-22T00:00:00Z,1.0,WS
2011-08-22T00:00:00Z,1.0,WS
2011-09-22T00:00:00Z,1.0,WS
2011-10-22T00:00:00Z,1.0,WS
2011-11-22T00:00:00Z,1.0,WS
2011-12-22T00:00:00Z,9121.0,WS
2012-01-22T00:00:00Z,9805.0,WS
2012-02-22T00:00:00Z,9805.0,WS
2012-03-22T00:00:00Z,9805.0,WS
2012-04-22T00:00:00Z,9949.0,WS
2012-05-22T00:00:00Z,9949.0,WS
2012-06-22T00:00:00Z,10042.0,WS
2012-07-22T00:00:00Z,10044.0,WS
2012-08-22T00:00:00Z,10044.0,WS
2012-09-22T00:00:00Z,10044.0,WS
2012-10-22T00:00:00Z,10052.0,WS
2012-11-22T00:00:00Z,10296.0,WS
2012-12-22T00:00:00Z,10299.0,WS
2013-01-22T00:00:00Z,10299.0,WS
2013-02-22T00:00:00Z,10299.0,WS
2013-03-22T00:00:00Z,10301.0,WS
2013-04-22T00:00:00Z,10301.0,WS
2013-05-22T00:00:00Z,10301.0,WS
2013-06-22T00:00:00Z,10301.0,WS
2013-07-22T00:00:00Z,10366.0,WS
2013-08-22T00:00:00Z,10366.0,WS
2013-09-22T00:00:00Z,10366.0,WS
2013-10-22T00:00:00Z,10396.0,WS
2013-11-22T00:00:00Z,10402.0,WS
2013-12-22T00:00:00Z,10402.0,WS
2014-01-22T00:00:00Z,10402.0,WS
2014-02-22T00:00:00Z,10667.0,WS
2014-03-22T00:00:00Z,10667.0,WS
2014-04-22T00:00:00Z,10666.0,WS
2014-05-22T00:00:00Z,10630.0,WS
2014-06-22T00:00:00Z,10630.0,WS
2014-07-22T00:00:00Z,10630.0,WS
2014-08-22T00:00:00Z,10675.0,WS
2014-09-22T00:00:00Z,10675.0,WS
2014-10-22T00:00:00Z,10675.0,WS
2014-11-22T00:00:00Z,10781.0,WS
2014-12-22T00:00:00Z,10759.0,WS
2015-01-22T00:00:00Z,13739.0,WS
2015-02-22T00:00:00Z,18067.0,WS
2015-03-22T00:00:00Z,22280.0,WS
2015-04-22T00:00:00Z,24263.0,WS
2015-05-22T00:00:00Z,27184.0,WS
2015-06-22T00:00:00Z,27184.0,WS
2015-07-22T00:00:00Z,27651.0,WS
2015-08-22T00:00:00Z,27792.0,WS
2015-09-22T00:00:00Z,27792.0,WS
2015-10-22T00:00:00Z,27794.0,WS
2015-11-22T00:00:00Z,27998.0,WS
2015-12-22T00:00:00Z,28000.0,WS
2016-01-22T00:00:00Z,28038.0,WS
2016-02-22T00:00:00Z,28163.0,WS
2016-03-22T00:00:00Z,28163.0,WS
2016-04-22T00:00:00Z,28163.0,WS
2016-05-22T00:00:00Z,28297.0,WS
2016-06-22T00:00:00Z,28521.0,WS
2016-07-22T00:00:00Z,28651.0,WS
2016-08-22T00:00:00Z,28653.0,WS
2016-09-22T00:00:00Z,29137.0,WS
2016-10-22T00:00:00Z,29137.0,WS
2016-11-22T00:00:00Z,29137.0,WS
2016-12-22T00:00:00Z,29146.0,WS
2017-01-22T00:00:00Z,29255.0,WS
2017-02-22T00:00:00Z,29255.0,WS
2017-03-22T00:00:00Z,29252.0,WS
2017-04-22T00:00:00Z,29617.0,WS
2017-05-22T00:00:00Z,29637.0,WS
2017-06-22T00:00:00Z,29661.0,WS
2017-07-22T00:00:00Z,29661.0,WS
2017-08-22T00:00:00Z,29667.0,WS
2017-09-22T00:00:00Z,29667.0,WS
2017-10-22T00:00:00Z,29691.0,WS
2017-11-22T00:00:00Z,31186.0,WS
2017-12-22T00:00:00Z,31225.0,WS
2018-01-22T00:00:00Z,31236.0,WS
2018-02-22T00:00:00Z,31236.0,WS
2018-03-22T00:00:00Z,31724.0,WS
2018-04-22T00:00:00Z,33067.0,WS
2018-05-22T00:00:00Z,33777.0,WS
2018-06-22T00:00:00Z,33791.0,WS
2018-07-22T00:00:00Z,33840.0,WS
2018-08-22T00:00:00Z,33852.0,WS
2018-09-22T00:00:00Z,33996.0,WS
2018-10-22T00:00:00Z,34003.0,WS
2018-11-22T00:00:00Z,34170.0,WS
2018-12-22T00:00:00Z,34591.0,WS
2019-01-22T00:00:00Z,34596.0,WS
2019-02-22T00:00:00Z,36443.0,WS
2019-03-22T00:00:00Z,36500.0,WS
2019-04-22T00:00:00Z,36501.0,WS
2019-05-22T00:00:00Z,37602.0,WS
2019-06-22T00:00:00Z,37613.0,WS
2019-07-22T00:00:00Z,37865.0,WS
2019-08-22T00:00:00Z,38440.0,WS
2019-09-22T00:00:00Z,38449.0,WS
2019-10-22T00:00:00Z,38646.0,WS
2019-11-22T00:00:00Z,39248.0,WS
2019-12-22T00:00:00Z,39250.0,WS
2020-01-22T00:00:00Z,39904.0,WS
2020-02-22T00:00:00Z,39903.0,WS
2020-03-22T00:00:00Z,40169.0,WS
2020-04-22T00:00:00Z,40223.0,WS
2020-05-22T00:00:00Z,40595.0,WS
2020-06-22T00:00:00Z,41321.0,WS
2020-07-22T00:00:00Z,41744.0,WS
2020-08-22T00:00:00Z,41838.0,WS
2020-09-22T00:00:00Z,41850.0,WS
2020-10-22T00:00:00Z,41899.0,WS
2020-11-22T00:00:00Z,41904.0,WS
2020-12-22T00:00:00Z,42330.0,WS
2021-01-22T00:00:00Z,42589.0,WS
2021-02-22T00:00:00Z,43043.0,WS
2021-03-22T00:00:00Z,44346.0,WS
2021-04-22T00:00:00Z,44415.0,WS
2021-05-22T00:00:00Z,44415.0,WS
2021-06-22T00:00:00Z,44415.0,WS
2021-07-22T00:00:00Z,44429.0,WS
2021-08-22T00:00:00Z,44429.0,WS
2021-09-22T00:00:00Z,44429.0,WS
2021-10-22T00:00:00Z,44428.0,WS
2021-11-22T00:00:00Z,48838.0,WS
2021-12-22T00:00:00Z,48898.0,WS
2022-01-22T00:00:00Z,49094.0,WS
2022-02-22T00:00:00Z,49141.0,WS
2022-03-22T00:00:00Z,49446.0,WS
2022-04-22T00:00:00Z,49447.0,WS
2022-05-22T00:00:00Z,49506.0,WS
2022-06-22T00:00:00Z,49508.0,WS
2022-07-22T00:00:00Z,50036.0,WS
2022-08-22T00:00:00Z,50039.0,WS
2022-09-22T00:00:00Z,54254.0,WS
2022-10-22T00:00:00Z,61078.0,WS
2022-11-22T00:00:00Z,61247.0,WS
2022-12-22T00:00:00Z,61230.0,WS
2023-01-22T00:00:00Z,61258.0,WS
2023-02-22T00:00:00Z,61258.0,WS
2023-03-22T00:00:00Z,61258.0,WS
2023-04-22T00:00:00Z,61258.0,WS
2023-05-22T00:00:00Z,61258.0,WS
2023-06-22T00:00:00Z,61637.0,WS
2023-07-22T00:00:00Z,61638.0,WS
2023-08-22T00:00:00Z,61638.0,WS
2023-09-22T00:00:00Z,61638.0,WS
2023-10-22T00:00:00Z,61644.0,WS
2023-11-22T00:00:00Z,61648.0,WS
2023-12-22T00:00:00Z,61672.0,WS
2024-01-22T00:00:00Z,61672.0,WS
2024-02-22T00:00:00Z,61727.0,WS
2024-03-22T00:00:00Z,61751.0,WS
2024-04-22T00:00:00Z,61754.0,WS
2024-05-22T00:00:00Z,61754.0,WS
2024-06-22T00:00:00Z,61754.0,WS
2024-07-22T00:00:00Z,61754.0,WS
2024-08-22T00:00:00Z,61757.0,WS
2024-09-22T00:00:00Z,62238.0,WS
2024-10-22T00:00:00Z,62250.0,WS
2024-11-22T00:00:00Z,62258.0,WS
2024-12-22T00:00:00Z,62258.0,WS
2025-01-22T00:00:00Z,62278.0,WS
2025-02-22T00:00:00Z,62278.0,WS
2025-03-22T00:00:00Z,62290.0,WS
2025-04-22T00:00:00Z,62344.0,WS
2025-05-22T00:00:00Z,62383.0,WS
2025-06-22T00:00:00Z,63046.0,WS
2025-07-22T00:00:00Z,63207.0,WS
2025-08-22T00:00:00Z,63365.0,WS
2025-09-22T00:00:00Z,63376.0,WS
2025-10-22T00:00:00Z,64151.0,WS
2008-01-22T00:00:00Z,0.0,MU
2008-02-22T00:00:00Z,3.0,MU
2008-03-22T00:00:00Z,3.0,MU
2008-04-22T00:00:00Z,3.0,MU
2008-05-22T00:00:00Z,3.0,MU
2008-06-22T00:00:00Z,3.0,MU
2008-07-22T00:00:00Z,3.0,MU
2008-08-22T00:00:00Z,3.0,MU
2008-09-22T00:00:00Z,3.0,MU
2008-10-22T00:00:00Z,3.0,MU
2008-11-22T00:00:00Z,3.0,MU
2008-12-22T00:00:00Z,3.0,MU
2009-01-22T00:00:00Z,3.0,MU
2009-02-22T00:00:00Z,3.0,MU
2009-03-22T00:00:00Z,3.0,MU
2009-04-22T00:00:00Z,4.0,MU
2009-05-22T00:00:00Z,5.0,MU
2009-06-22T00:00:00Z,5.0,MU
2009-07-22T00:00:00Z,5.0,MU
2009-08-22T00:00:00Z,5.0,MU
2009-09-22T00:00:00Z,5.0,MU
2009-10-22T00:00:00Z,10.0,MU
2009-11-22T00:00:00Z,10.0,MU
2009-12-22T00:00:00Z,10.0,MU
2010-01-22T00:00:00Z,10.0,MU
2010-02-22T00:00:00Z,10.0,MU
2010-03-22T00:00:00Z,10.0,MU
2010-04-22T00:00:00Z,10.0,MU
2010-05-22T00:00:00Z,10.0,MU
2010-06-22T00:00:00Z,10.0,MU
2010-07-22T00:00:00Z,10.0,MU
2010-08-22T00:00:00Z,12.0,MU
2010-09-22T00:00:00Z,36.0,MU
2010-10-22T00:00:00Z,38.0,MU
2010-11-22T00:00:00Z,38.0,MU
2010-12-22T00:00:00Z,38.0,MU
2011-01-22T00:00:00Z,39.0,MU
2011-02-22T00:00:00Z,48.0,MU
2011-03-22T00:00:00Z,48.0,MU
2011-04-22T00:00:00Z,48.0,MU
2011-05-22T00:00:00Z,48.0,MU
2011-06-22T00:00:00Z,95.0,MU
2011-07-22T00:00:00Z,95.0,MU
2011-08-22T00:00:00Z,95.0,MU
2011-09-22T00:00:00Z,95.0,MU
2011-10-22T00:00:00Z,99.0,MU
2011-11-22T00:00:00Z,99.0,MU
2011-12-22T00:00:00Z,101.0,MU
2012-01-22T00:00:00Z,102.0,MU
2012-02-22T00:00:00Z,103.0,MU
2012-03-22T00:00:00Z,105.0,MU
2012-04-22T00:00:00Z,122.0,MU
2012-05-22T00:00:00Z,122.0,MU
2012-06-22T00:00:00Z,122.0,MU
2012-07-22T00:00:00Z,123.0,MU
2012-08-22T00:00:00Z,145.0,MU
2012-09-22T00:00:00Z,150.0,MU
2012-10-22T00:00:00Z,150.0,MU
2012-11-22T00:00:00Z,150.0,MU
2012-12-22T00:00:00Z,150.0,MU
2013-01-22T00:00:00Z,150.0,MU
2013-02-22T00:00:00Z,180.0,MU
2013-03-22T00:00:00Z,223.0,MU
2013-04-22T00:00:00Z,223.0,MU
2013-05-22T00:00:00Z,224.0,MU
2013-06-22T00:00:00Z,225.0,MU
2013-07-22T00:00:00Z,225.0,MU
2013-08-22T00:00:00Z,226.0,MU
2013-09-22T00:00:00Z,236.0,MU
2013-10-22T00:00:00Z,236.0,MU
2013-11-22T00:00:00Z,238.0,MU
2013-12-22T00:00:00Z,244.0,MU
2014-01-22T00:00:00Z,272.0,MU
2014-02-22T00:00:00Z,275.0,MU
2014-03-22T00:00:00Z,316.0,MU
2014-04-22T00:00:00Z,332.0,MU
2014-05-22T00:00:00Z,333.0,MU
2014-06-22T00:00:00Z,385.0,MU
2014-07-22T00:00:00Z,409.0,MU
2014-08-22T00:00:00Z,415.0,MU
2014-09-22T00:00:00Z,685.0,MU
2014-10-22T00:00:00Z,1245.0,MU
2014-11-22T00:00:00Z,1249.0,MU
2014-12-22T00:00:00Z,1249.0,MU
2015-01-22T00:00:00Z,1249.0,MU
2015-02-22T00:00:00Z,1252.0,MU
2015-03-22T00:00:00Z,1257.0,MU
2015-04-22T00:00:00Z,1269.0,MU
2015-05-22T00:00:00Z,1280.0,MU
2015-06-22T00:00:00Z,1309.0,MU
2015-07-22T00:00:00Z,1327.0,MU
2015-08-22T00:00:00Z,1389.0,MU
2015-09-22T00:00:00Z,1431.0,MU
2015-10-22T00:00:00Z,1523.0,MU
2015-11-22T00:00:00Z,1578.0,MU
2015-12-22T00:00:00Z,1595.0,MU
2016-01-22T00:00:00Z,1642.0,MU
2016-02-22T00:00:00Z,1646.0,MU
2016-03-22T00:00:00Z,1684.0,MU
2016-04-22T00:00:00Z,1981.0,MU
2016-05-22T00:00:00Z,2203.0,MU
2016-06-22T00:00:00Z,2524.0,MU
2016-07-22T00:00:00Z,2715.0,MU
2016-08-22T00:00:00Z,2761.0,MU
2016-09-22T00:00:00Z,3041.0,MU
2016-10-22T00:00:00Z,3111.0,MU
2016-11-22T00:00:00Z,3253.0,MU
2016-12-22T00:00:00Z,3319.0,MU
2017-01-22T00:00:00Z,3336.0,MU
2017-02-22T00:00:00Z,3581.0,MU
2017-03-22T00:00:00Z,3591.0,MU
2017-04-22T00:00:00Z,3757.0,MU
2017-05-22T00:00:00Z,3762.0,MU
2017-06-22T00:00:00Z,7531.0,MU
2017-07-22T00:00:00Z,8200.0,MU
2017-08-22T00:00:00Z,9094.0,MU
2017-09-22T00:00:00Z,9692.0,MU
2017-10-22T00:00:00Z,9768.0,MU
2017-11-22T00:00:00Z,10096.0,MU
2017-12-22T00:00:00Z,10560.0,MU
2018-01-22T00:00:00Z,10584.0,MU
2018-02-22T00:00:00Z,10678.0,MU
2018-03-22T00:00:00Z,11028.0,MU
2018-04-22T00:00:00Z,11149.0,MU
2018-05-22T00:00:00Z,11333.0,MU
2018-06-22T00:00:00Z,11343.0,MU
2018-07-22T00:00:00Z,11922.0,MU
2018-08-22T00:00:00Z,12169.0,MU
2018-09-22T00:00:00Z,12374.0,MU
2018-10-22T00:00:00Z,12521.0,MU
2018-11-22T00:00:00Z,12555.0,MU
2018-12-22T00:00:00Z,12600.0,MU
2019-01-22T00:00:00Z,12693.0,MU
2019-02-22T00:00:00Z,12713.0,MU
2019-03-22T00:00:00Z,12757.0,MU
2019-04-22T00:00:00Z,13081.0,MU
2019-05-22T00:00:00Z,13106.0,MU
2019-06-22T00:00:00Z,13380.0,MU
2019-07-22T00:00:00Z,13796.0,MU
2019-08-22T00:00:00Z,14917.0,MU
2019-09-22T00:00:00Z,15027.0,MU
2019-10-22T00:00:00Z,15271.0,MU
2019-11-22T00:00:00Z,16579.0,MU
2019-12-22T00:00:00Z,16948.0,MU
2020-01-22T00:00:00Z,17266.0,MU
2020-02-22T00:00:00Z,17409.0,MU
2020-03-22T00:00:00Z,17454.0,MU
2020-04-22T00:00:00Z,17502.0,MU
2020-05-22T00:00:00Z,17594.0,MU
2020-06-22T00:00:00Z,17612.0,MU
2020-07-22T00:00:00Z,17613.0,MU
2020-08-22T00:00:00Z,17787.0,MU
2020-09-22T00:00:00Z,17790.0,MU
2020-10-22T00:00:00Z,18036.0,MU
2020-11-22T00:00:00Z,18135.0,MU
2020-12-22T00:00:00Z,18135.0,MU
2021-01-22T00:00:00Z,18141.0,MU
2021-02-22T00:00:00Z,18435.0,MU
2021-03-22T00:00:00Z,18462.0,MU
2021-04-22T00:00:00Z,18515.0,MU
2021-05-22T00:00:00Z,18523.0,MU
2021-06-22T00:00:00Z,18532.0,MU
2021-07-22T00:00:00Z,18630.0,MU
2021-08-22T00:00:00Z,21876.0,MU
2021-09-22T00:00:00Z,21881.0,MU
2021-10-22T00:00:00Z,21936.0,MU
2021-11-22T00:00:00Z,22345.0,MU
2021-12-22T00:00:00Z,27097.0,MU
2022-01-22T00:00:00Z,28625.0,MU
2022-02-22T00:00:00Z,30316.0,MU
2022-03-22T00:00:00Z,30402.0,MU
2022-04-22T00:00:00Z,30577.0,MU
2022-05-22T00:00:00Z,30698.0,MU
2022-06-22T00:00:00Z,31345.0,MU
2022-07-22T00:00:00Z,31456.0,MU
2022-08-22T00:00:00Z,31519.0,MU
2022-09-22T00:00:00Z,31596.0,MU
2022-10-22T00:00:00Z,31743.0,MU
2022-11-22T00:00:00Z,32772.0,MU
2022-12-22T00:00:00Z,34262.0,MU
2023-01-22T00:00:00Z,34636.0,MU
2023-02-22T00:00:00Z,34905.0,MU
2023-03-22T00:00:00Z,35342.0,MU
2023-04-22T00:00:00Z,35478.0,MU
2023-05-22T00:00:00Z,35849.0,MU
2023-06-22T00:00:00Z,36124.0,MU
2023-07-22T00:00:00Z,36200.0,MU
2023-08-22T00:00:00Z,36245.0,MU
2023-09-22T00:00:00Z,36254.0,MU
2023-10-22T00:00:00Z,44577.0,MU
2023-11-22T00:00:00Z,50469.0,MU
2023-12-22T00:00:00Z,52220.0,MU
2024-01-22T00:00:00Z,52306.0,MU
2024-02-22T00:00:00Z,52758.0,MU
2024-03-22T00:00:00Z,52867.0,MU
2024-04-22T00:00:00Z,52871.0,MU
2024-05-22T00:00:00Z,52887.0,MU
2024-06-22T00:00:00Z,52889.0,MU
2024-07-22T00:00:00Z,53062.0,MU
2024-08-22T00:00:00Z,53160.0,MU
2024-09-22T00:00:00Z,53286.0,MU
2024-10-22T00:00:00Z,60795.0,MU
2024-11-22T00:00:00Z,62135.0,MU
2024-12-22T00:00:00Z,62262.0,MU
2025-01-22T00:00:00Z,62362.0,MU
2025-02-22T00:00:00Z,62521.0,MU
2025-03-22T00:00:00Z,63587.0,MU
2025-04-22T00:00:00Z,64030.0,MU
2025-05-22T00:00:00Z,64175.0,MU
2025-06-22T00:00:00Z,64339.0,MU
2025-07-22T00:00:00Z,64393.0,MU
2025-08-22T00:00:00Z,64447.0,MU
2025-09-22T00:00:00Z,65194.0,MU
2025-10-22T00:00:00Z,66410.0,MU
2008-01-22T00:00:00Z,3.0,FJ
2008-02-22T00:00:00Z,3.0,FJ
2008-03-22T00:00:00Z,3.0,FJ
2008-04-22T00:00:00Z,5.0,FJ
2008-05-22T00:00:00Z,7.0,FJ
2008-06-22T00:00:00Z,9.0,FJ
2008-07-22T00:00:00Z,9.0,FJ
2008-08-22T00:00:00Z,16.0,FJ
2008-09-22T00:00:00Z,16.0,FJ
2008-10-22T00:00:00Z,16.0,FJ
2008-11-22T00:00:00Z,50.0,FJ
2008-12-22T00:00:00Z,52.0,FJ
2009-01-22T00:00:00Z,63.0,FJ
2009-02-22T00:00:00Z,69.0,FJ
2009-03-22T00:00:00Z,69.0,FJ
2009-04-22T00:00:00Z,72.0,FJ
2009-05-22T00:00:00Z,72.0,FJ
2009-06-22T00:00:00Z,70.0,FJ
2009-07-22T00:00:00Z,72.0,FJ
2009-08-22T00:00:00Z,82.0,FJ
2009-09-22T00:00:00Z,94.0,FJ
2009-10-22T00:00:00Z,98.0,FJ
2009-11-22T00:00:00Z,100.0,FJ
2009-12-22T00:00:00Z,165.0,FJ
2010-01-22T00:00:00Z,194.0,FJ
2010-02-22T00:00:00Z,197.0,FJ
2010-03-22T00:00:00Z,241.0,FJ
2010-04-22T00:00:00Z,593.0,FJ
2010-05-22T00:00:00Z,609.0,FJ
2010-06-22T00:00:00Z,641.0,FJ
2010-07-22T00:00:00Z,741.0,FJ
2010-08-22T00:00:00Z,759.0,FJ
2010-09-22T00:00:00Z,762.0,FJ
2010-10-22T00:00:00Z,783.0,FJ
2010-11-22T00:00:00Z,787.0,FJ
2010-12-22T00:00:00Z,873.0,FJ
2011-01-22T00:00:00Z,934.0,FJ
2011-02-22T00:00:00Z,959.0,FJ
2011-03-22T00:00:00Z,981.0,FJ
2011-04-22T00:00:00Z,1003.0,FJ
2011-05-22T00:00:00Z,1567.0,FJ
2011-06-22T00:00:00Z,2324.0,FJ
2011-07-22T00:00:00Z,2343.0,FJ
2011-08-22T00:00:00Z,2583.0,FJ
2011-09-22T00:00:00Z,2702.0,FJ
2011-10-22T00:00:00Z,2837.0,FJ
2011-11-22T00:00:00Z,3001.0,FJ
2011-12-22T00:00:00Z,3195.0,FJ
2012-01-22T00:00:00Z,3254.0,FJ
2012-02-22T00:00:00Z,3493.0,FJ
2012-03-22T00:00:00Z,3770.0,FJ
2012-04-22T00:00:00Z,3808.0,FJ
2012-05-22T00:00:00Z,3869.0,FJ
2012-06-22T00:00:00Z,4127.0,FJ
2012-07-22T00:00:00Z,4295.0,FJ
2012-08-22T00:00:00Z,5423.0,FJ
2012-09-22T00:00:00Z,5740.0,FJ
2012-10-22T00:00:00Z,5873.0,FJ
2012-11-22T00:00:00Z,7279.0,FJ
2012-12-22T00:00:00Z,8824.0,FJ
2013-01-22T00:00:00Z,9003.0,FJ
2013-02-22T00:00:00Z,9548.0,FJ
2013-03-22T00:00:00Z,10316.0,FJ
2013-04-22T00:00:00Z,11165.0,FJ
2013-05-22T00:00:00Z,11677.0,FJ
2013-06-22T00:00:00Z,15590.0,FJ
2013-07-22T00:00:00Z,16104.0,FJ
2013-08-22T00:00:00Z,17045.0,FJ
2013-09-22T00:00:00Z,18794.0,FJ
2013-10-22T00:00:00Z,19535.0,FJ
2013-11-22T00:00:00Z,21669.0,FJ
2013-12-22T00:00:00Z,23775.0,FJ
2014-01-22T00:00:00Z,24515.0,FJ
2014-02-22T00:00:00Z,36395.0,FJ
2014-03-22T00:00:00Z,41273.0,FJ
2014-04-22T00:00:00Z,48973.0,FJ
2014-05-22T00:00:00Z,60498.0,FJ
2014-06-22T00:00:00Z,70572.0,FJ
2014-07-22T00:00:00Z,80575.0,FJ
2014-08-22T00:00:00Z,95470.0,FJ
2014-09-22T00:00:00Z,118260.0,FJ
2014-10-22T00:00:00Z,131537.0,FJ
2014-11-22T00:00:00Z,142490.0,FJ
2014-12-22T00:00:00Z,162210.0,FJ
2015-01-22T00:00:00Z,176006.0,FJ
2015-02-22T00:00:00Z,203654.0,FJ
2015-03-22T00:00:00Z,268483.0,FJ
2015-04-22T00:00:00Z,282708.0,FJ
2015-05-22T00:00:00Z,284329.0,FJ
2015-06-22T00:00:00Z,292316.0,FJ
2015-07-22T00:00:00Z,298215.0,FJ
2015-08-22T00:00:00Z,306496.0,FJ
2015-09-22T00:00:00Z,313642.0,FJ
2015-10-22T00:00:00Z,330152.0,FJ
2015-11-22T00:00:00Z,376486.0,FJ
2015-12-22T00:00:00Z,396533.0,FJ
2016-01-22T00:00:00Z,426726.0,FJ
2016-02-22T00:00:00Z,621750.0,FJ
2016-03-22T00:00:00Z,900780.0,FJ
2016-04-22T00:00:00Z,1244088.0,FJ
2016-05-22T00:00:00Z,1542053.0,FJ
2016-06-22T00:00:00Z,1678659.0,FJ
2016-07-22T00:00:00Z,1750158.0,FJ
2016-08-22T00:00:00Z,1784499.0,FJ
2016-09-22T00:00:00Z,1823204.0,FJ
2016-10-22T00:00:00Z,1854650.0,FJ
2016-11-22T00:00:00Z,1894923.0,FJ
2016-12-22T00:00:00Z,1914923.0,FJ
2017-01-22T00:00:00Z,1925809.0,FJ
2017-02-22T00:00:00Z,1944998.0,FJ
2017-03-22T00:00:00Z,2144121.0,FJ
2017-04-22T00:00:00Z,2617989.0,FJ
2017-05-22T00:00:00Z,3292229.0,FJ
2017-06-22T00:00:00Z,4163876.0,FJ
2017-07-22T00:00:00Z,4193702.0,FJ
2017-08-22T00:00:00Z,4267801.0,FJ
2017-09-22T00:00:00Z,4298236.0,FJ
2017-10-22T00:00:00Z,4390462.0,FJ
2017-11-22T00:00:00Z,4525167.0,FJ
2017-12-22T00:00:00Z,4581965.0,FJ
2018-01-22T00:00:00Z,4615303.0,FJ
2018-02-22T00:00:00Z,4663990.0,FJ
2018-03-22T00:00:00Z,4684670.0,FJ
2018-04-22T00:00:00Z,4823127.0,FJ
2018-05-22T00:00:00Z,4884066.0,FJ
2018-06-22T00:00:00Z,4938396.0,FJ
2018-07-22T00:00:00Z,5133704.0,FJ
2018-08-22T00:00:00Z,5162721.0,FJ
2018-09-22T00:00:00Z,5232525.0,FJ
2018-10-22T00:00:00Z,5256809.0,FJ
2018-11-22T00:00:00Z,5276505.0,FJ
2018-12-22T00:00:00Z,5315024.0,FJ
2019-01-22T00:00:00Z,5326657.0,FJ
2019-02-22T00:00:00Z,5343664.0,FJ
2019-03-22T00:00:00Z,5391983.0,FJ
2019-04-22T00:00:00Z,5439883.0,FJ
2019-05-22T00:00:00Z,5470755.0,FJ
2019-06-22T00:00:00Z,5484130.0,FJ
2019-07-22T00:00:00Z,5496788.0,FJ
2019-08-22T00:00:00Z,5508996.0,FJ
2019-09-22T00:00:00Z,5596515.0,FJ
2019-10-22T00:00:00Z,5624754.0,FJ
2019-11-22T00:00:00Z,5657911.0,FJ
2019-12-22T00:00:00Z,5708321.0,FJ
2020-01-22T00:00:00Z,5714406.0,FJ
2020-02-22T00:00:00Z,5729987.0,FJ
2020-03-22T00:00:00Z,5750707.0,FJ
2020-04-22T00:00:00Z,5759298.0,FJ
2020-05-22T00:00:00Z,5774058.0,FJ
2020-06-22T00:00:00Z,5794267.0,FJ
2020-07-22T00:00:00Z,5825413.0,FJ
2020-08-22T00:00:00Z,5858582.0,FJ
2020-09-22T00:00:00Z,5866024.0,FJ
2020-10-22T00:00:00Z,5869012.0,FJ
2020-11-22T00:00:00Z,5883844.0,FJ
2020-12-22T00:00:00Z,5889679.0,FJ
2021-01-22T00:00:00Z,5895809.0,FJ
2021-02-22T00:00:00Z,5905674.0,FJ
2021-03-22T00:00:00Z,5923626.0,FJ
2021-04-22T00:00:00Z,6044607.0,FJ
2021-05-22T00:00:00Z,6064770.0,FJ
2021-06-22T00:00:00Z,6092891.0,FJ
2021-07-22T00:00:00Z,6107246.0,FJ
2021-08-22T00:00:00Z,6119855.0,FJ
2021-09-22T00:00:00Z,6128328.0,FJ
2021-10-22T00:00:00Z,6144173.0,FJ
2021-11-22T00:00:00Z,6159035.0,FJ
2021-12-22T00:00:00Z,6178802.0,FJ
2022-01-22T00:00:00Z,6201931.0,FJ
2022-02-22T00:00:00Z,6294167.0,FJ
2022-03-22T00:00:00Z,6374514.0,FJ
2022-04-22T00:00:00Z,6433612.0,FJ
2022-05-22T00:00:00Z,6482805.0,FJ
2022-06-22T00:00:00Z,6556850.0,FJ
2022-07-22T00:00:00Z,6606017.0,FJ
2022-08-22T00:00:00Z,6673883.0,FJ
2022-09-22T00:00:00Z,6777523.0,FJ
2022-10-22T00:00:00Z,6792517.0,FJ
2022-11-22T00:00:00Z,6827191.0,FJ
2022-12-22T00:00:00Z,6850291.0,FJ
2023-01-22T00:00:00Z,6877900.0,FJ
2023-02-22T00:00:00Z,6913842.0,FJ
2023-03-22T00:00:00Z,6909722.0,FJ
2023-04-22T00:00:00Z,6989616.0,FJ
2023-05-22T00:00:00Z,7025362.0,FJ
2023-06-22T00:00:00Z,7053043.0,FJ
2023-07-22T00:00:00Z,7055164.0,FJ
2023-08-22T00:00:00Z,7083385.0,FJ
2023-09-22T00:00:00Z,7119758.0,FJ
2023-10-22T00:00:00Z,7157517.0,FJ
2023-11-22T00:00:00Z,7187134.0,FJ
2023-12-22T00:00:00Z,7222440.0,FJ
2024-01-22T00:00:00Z,7246722.0,FJ
2024-02-22T00:00:00Z,7267756.0,FJ
2024-03-22T00:00:00Z,7276307.0,FJ
2024-04-22T00:00:00Z,7292920.0,FJ
2024-05-22T00:00:00Z,7320637.0,FJ
2024-06-22T00:00:00Z,7351964.0,FJ
2024-07-22T00:00:00Z,7366012.0,FJ
2024-08-22T00:00:00Z,7397246.0,FJ
2024-09-22T00:00:00Z,7431340.0,FJ
2024-10-22T00:00:00Z,7440361.0,FJ
2024-11-22T00:00:00Z,7455920.0,FJ
2024-12-22T00:00:00Z,7470079.0,FJ
2025-01-22T00:00:00Z,7502271.0,FJ
2025-02-22T00:00:00Z,7554269.0,FJ
2025-03-22T00:00:00Z,7565825.0,FJ
2025-04-22T00:00:00Z,7687816.0,FJ
2025-05-22T00:00:00Z,7714428.0,FJ
2025-06-22T00:00:00Z,7769413.0,FJ
2025-07-22T00:00:00Z,7781849.0,FJ
2025-08-22T00:00:00Z,7793770.0,FJ
2025-09-22T00:00:00Z,7807772.0,FJ
2025-10-22T00:00:00Z,7843898.0,FJ
2008-01-22T00:00:00Z,0.0,TO
2008-02-22T00:00:00Z,0.0,TO
2008-03-22T00:00:00Z,0.0,TO
2008-04-22T00:00:00Z,0.0,TO
2008-05-22T00:00:00Z,0.0,TO
2008-06-22T00:00:00Z,0.0,TO
2008-07-22T00:00:00Z,0.0,TO
2008-08-22T00:00:00Z,0.0,TO
2008-09-22T00:00:00Z,0.0,TO
2008-10-22T00:00:00Z,0.0,TO
2008-11-22T00:00:00Z,0.0,TO
2008-12-22T00:00:00Z,0.0,TO
2009-01-22T00:00:00Z,0.0,TO
2009-02-22T00:00:00Z,0.0,TO
2009-03-22T00:00:00Z,0.0,TO
2009-04-22T00:00:00Z,0.0,TO
2009-05-22T00:00:00Z,0.0,TO
2009-06-22T00:00:00Z,0.0,TO
2009-07-22T00:00:00Z,0.0,TO
2009-08-22T00:00:00Z,0.0,TO
2009-09-22T00:00:00Z,0.0,TO
2009-10-22T00:00:00Z,0.0,TO
2009-11-22T00:00:00Z,0.0,TO
2009-12-22T00:00:00Z,0.0,TO
2010-01-22T00:00:00Z,0.0,TO
2010-02-22T00:00:00Z,0.0,TO
2010-03-22T00:00:00Z,0.0,TO
2010-04-22T00:00:00Z,0.0,TO
2010-05-22T00:00:00Z,0.0,TO
2010-06-22T00:00:00Z,0.0,TO
2010-07-22T00:00:00Z,0.0,TO
2010-08-22T00:00:00Z,0.0,TO
2010-09-22T00:00:00Z,0.0,TO
2010-10-22T00:00:00Z,0.0,TO
2010-11-22T00:00:00Z,0.0,TO
2010-12-22T00:00:00Z,0.0,TO
2011-01-22T00:00:00Z,0.0,TO
2011-02-22T00:00:00Z,0.0,TO
2011-03-22T00:00:00Z,0.0,TO
2011-04-22T00:00:00Z,1.0,TO
2011-05-22T00:00:00Z,1.0,TO
2011-06-22T00:00:00Z,1.0,TO
2011-07-22T00:00:00Z,1.0,TO
2011-08-22T00:00:00Z,1.0,TO
2011-09-22T00:00:00Z,1.0,TO
2011-10-22T00:00:00Z,1.0,TO
2011-11-22T00:00:00Z,1.0,TO
2011-12-22T00:00:00Z,1.0,TO
2012-01-22T00:00:00Z,1.0,TO
2012-02-22T00:00:00Z,1.0,TO
2012-03-22T00:00:00Z,1.0,TO
2012-04-22T00:00:00Z,1.0,TO
2012-05-22T00:00:00Z,1.0,TO
2012-06-22T00:00:00Z,1.0,TO
2012-07-22T00:00:00Z,14.0,TO
2012-08-22T00:00:00Z,14.0,TO
2012-09-22T00:00:00Z,14.0,TO
2012-10-22T00:00:00Z,18.0,TO
2012-11-22T00:00:00Z,18.0,TO
2012-12-22T00:00:00Z,355.0,TO
2013-01-22T00:00:00Z,355.0,TO
2013-02-22T00:00:00Z,355.0,TO
2013-03-22T00:00:00Z,377.0,TO
2013-04-22T00:00:00Z,377.0,TO
2013-05-22T00:00:00Z,373.0,TO
2013-06-22T00:00:00Z,633.0,TO
2013-07-22T00:00:00Z,643.0,TO
2013-08-22T00:00:00Z,643.0,TO
2013-09-22T00:00:00Z,643.0,TO
2013-10-22T00:00:00Z,643.0,TO
2013-11-22T00:00:00Z,643.0,TO
2013-12-22T00:00:00Z,643.0,TO
2014-01-22T00:00:00Z,649.0,TO
2014-02-22T00:00:00Z,649.0,TO
2014-03-22T00:00:00Z,649.0,TO
2014-04-22T00:00:00Z,654.0,TO
2014-05-22T00:00:00Z,654.0,TO
2014-06-22T00:00:00Z,656.0,TO
2014-07-22T00:00:00Z,656.0,TO
2014-08-22T00:00:00Z,656.0,TO
2014-09-22T00:00:00Z,795.0,TO
2014-10-22T00:00:00Z,1971.0,TO
2014-11-22T00:00:00Z,3945.0,TO
2014-12-22T00:00:00Z,6995.0,TO
2015-01-22T00:00:00Z,19253.0,TO
2015-02-22T00:00:00Z,21043.0,TO
2015-03-22T00:00:00Z,21724.0,TO
2015-04-22T00:00:00Z,22846.0,TO
2015-05-22T00:00:00Z,23919.0,TO
2015-06-22T00:00:00Z,25070.0,TO
2015-07-22T00:00:00Z,26280.0,TO
2015-08-22T00:00:00Z,26284.0,TO
2015-09-22T00:00:00Z,26312.0,TO
2015-10-22T00:00:00Z,26373.0,TO
2015-11-22T00:00:00Z,26406.0,TO
2015-12-22T00:00:00Z,26451.0,TO
2016-01-22T00:00:00Z,28343.0,TO
2016-02-22T00:00:00Z,28621.0,TO
2016-03-22T00:00:00Z,28621.0,TO
2016-04-22T00:00:00Z,28623.0,TO
2016-05-22T00:00:00Z,28623.0,TO
2016-06-22T00:00:00Z,28638.0,TO
2016-07-22T00:00:00Z,28638.0,TO
2016-08-22T00:00:00Z,28639.0,TO
2016-09-22T00:00:00Z,28642.0,TO
2016-10-22T00:00:00Z,28642.0,TO
2016-11-22T00:00:00Z,28642.0,TO
2016-12-22T00:00:00Z,28642.0,TO
2017-01-22T00:00:00Z,28642.0,TO
2017-02-22T00:00:00Z,28642.0,TO
2017-03-22T00:00:00Z,28643.0,TO
2017-04-22T00:00:00Z,28642.0,TO
2017-05-22T00:00:00Z,28825.0,TO
2017-06-22T00:00:00Z,28827.0,TO
2017-07-22T00:00:00Z,28827.0,TO
2017-08-22T00:00:00Z,28828.0,TO
2017-09-22T00:00:00Z,28828.0,TO
2017-10-22T00:00:00Z,29172.0,TO
2017-11-22T00:00:00Z,29716.0,TO
2017-12-22T00:00:00Z,30098.0,TO
2018-01-22T00:00:00Z,30103.0,TO
2018-02-22T00:00:00Z,35016.0,TO
2018-03-22T00:00:00Z,38550.0,TO
2018-04-22T00:00:00Z,38550.0,TO
2018-05-22T00:00:00Z,38554.0,TO
2018-06-22T00:00:00Z,38554.0,TO
2018-07-22T00:00:00Z,38554.0,TO
2018-08-22T00:00:00Z,38554.0,TO
2018-09-22T00:00:00Z,38571.0,TO
2018-10-22T00:00:00Z,38571.0,TO
2018-11-22T00:00:00Z,38570.0,TO
2018-12-22T00:00:00Z,38570.0,TO
2019-01-22T00:00:00Z,38716.0,TO
2019-02-22T00:00:00Z,38716.0,TO
2019-03-22T00:00:00Z,38719.0,TO
2019-04-22T00:00:00Z,38833.0,TO
2019-05-22T00:00:00Z,38837.0,TO
2019-06-22T00:00:00Z,38838.0,TO
2019-07-22T00:00:00Z,38841.0,TO
2019-08-22T00:00:00Z,38840.0,TO
2019-09-22T00:00:00Z,38840.0,TO
2019-10-22T00:00:00Z,38840.0,TO
2019-11-22T00:00:00Z,38840.0,TO
2019-12-22T00:00:00Z,38837.0,TO
2020-01-22T00:00:00Z,38835.0,TO
2020-02-22T00:00:00Z,38942.0,TO
2020-03-22T00:00:00Z,38942.0,TO
2020-04-22T00:00:00Z,38943.0,TO
2020-05-22T00:00:00Z,38965.0,TO
2020-06-22T00:00:00Z,38962.0,TO
2020-07-22T00:00:00Z,38964.0,TO
2020-08-22T00:00:00Z,38959.0,TO
2020-09-22T00:00:00Z,38958.0,TO
2020-10-22T00:00:00Z,38945.0,TO
2020-11-22T00:00:00Z,38961.0,TO
2020-12-22T00:00:00Z,38961.0,TO
2021-01-22T00:00:00Z,38961.0,TO
2021-02-22T00:00:00Z,38961.0,TO
2021-03-22T00:00:00Z,38961.0,TO
2021-04-22T00:00:00Z,38961.0,TO
2021-05-22T00:00:00Z,38961.0,TO
2021-06-22T00:00:00Z,38961.0,TO
2021-07-22T00:00:00Z,38962.0,TO
2021-08-22T00:00:00Z,38962.0,TO
2021-09-22T00:00:00Z,38958.0,TO
2021-10-22T00:00:00Z,38957.0,TO
2021-11-22T00:00:00Z,38957.0,TO
2021-12-22T00:00:00Z,38979.0,TO
2022-01-22T00:00:00Z,39143.0,TO
2022-02-22T00:00:00Z,39327.0,TO
2022-03-22T00:00:00Z,39331.0,TO
2022-04-22T00:00:00Z,39331.0,TO
2022-05-22T00:00:00Z,39530.0,TO
2022-06-22T00:00:00Z,39535.0,TO
2022-07-22T00:00:00Z,39535.0,TO
2022-08-22T00:00:00Z,39535.0,TO
2022-09-22T00:00:00Z,39535.0,TO
2022-10-22T00:00:00Z,39535.0,TO
2022-11-22T00:00:00Z,39535.0,TO
2022-12-22T00:00:00Z,39535.0,TO
2023-01-22T00:00:00Z,39536.0,TO
2023-02-22T00:00:00Z,39536.0,TO
2023-03-22T00:00:00Z,39536.0,TO
2023-04-22T00:00:00Z,39535.0,TO
2023-05-22T00:00:00Z,39562.0,TO
2023-06-22T00:00:00Z,39564.0,TO
2023-07-22T00:00:00Z,39564.0,TO
2023-08-22T00:00:00Z,39577.0,TO
2023-09-22T00:00:00Z,39578.0,TO
2023-10-22T00:00:00Z,39657.0,TO
2023-11-22T00:00:00Z,40148.0,TO
2023-12-22T00:00:00Z,41844.0,TO
2024-01-22T00:00:00Z,42621.0,TO
2024-02-22T00:00:00Z,43220.0,TO
2024-03-22T00:00:00Z,44746.0,TO
2024-04-22T00:00:00Z,46213.0,TO
2024-05-22T00:00:00Z,46745.0,TO
2024-06-22T00:00:00Z,46880.0,TO
2024-07-22T00:00:00Z,46880.0,TO
2024-08-22T00:00:00Z,46880.0,TO
2024-09-22T00:00:00Z,46880.0,TO
2024-10-22T00:00:00Z,46880.0,TO
2024-11-22T00:00:00Z,46880.0,TO
2024-12-22T00:00:00Z,46874.0,TO
2025-01-22T00:00:00Z,46874.0,TO
2025-02-22T00:00:00Z,46874.0,TO
2025-03-22T00:00:00Z,46874.0,TO
2025-04-22T00:00:00Z,46873.0,TO
2025-05-22T00:00:00Z,46873.0,TO
2025-06-22T00:00:00Z,46880.0,TO
2025-07-22T00:00:00Z,46879.0,TO
2025-08-22T00:00:00Z,46881.0,TO
2025-09-22T00:00:00Z,46881.0,TO
2025-10-22T00:00:00Z,46881.0,TO
2008-01-22T00:00:00Z,185.0,NZ
2008-02-22T00:00:00Z,295.0,NZ
2008-03-22T00:00:00Z,365.0,NZ
2008-04-22T00:00:00Z,623.0,NZ
2008-05-22T00:00:00Z,977.0,NZ
2008-06-22T00:00:00Z,1084.0,NZ
2008-07-22T00:00:00Z,1152.0,NZ
2008-08-22T00:00:00Z,1234.0,NZ
2008-09-22T00:00:00Z,1469.0,NZ
2008-10-22T00:00:00Z,1590.0,NZ
2008-11-22T00:00:00Z,1734.0,NZ
2008-12-22T00:00:00Z,1888.0,NZ
2009-01-22T00:00:00Z,2047.0,NZ
2009-02-22T00:00:00Z,2151.0,NZ
2009-03-22T00:00:00Z,2253.0,NZ
2009-04-22T00:00:00Z,2375.0,NZ
2009-05-22T00:00:00Z,2604.0,NZ
2009-06-22T00:00:00Z,2711.0,NZ
2009-07-22T00:00:00Z,2936.0,NZ
2009-08-22T00:00:00Z,3179.0,NZ
2009-09-22T00:00:00Z,3276.0,NZ
2009-10-22T00:00:00Z,3430.0,NZ
2009-11-22T00:00:00Z,3684.0,NZ
2009-12-22T00:00:00Z,4701.0,NZ
2010-01-22T00:00:00Z,5682.0,NZ
2010-02-22T00:00:00Z,6695.0,NZ
2010-03-22T00:00:00Z,7656.0,NZ
2010-04-22T00:00:00Z,8535.0,NZ
2010-05-22T00:00:00Z,9142.0,NZ
2010-06-22T00:00:00Z,10463.0,NZ
2010-07-22T00:00:00Z,11076.0,NZ
2010-08-22T00:00:00Z,12240.0,NZ
2010-09-22T00:00:00Z,13246.0,NZ
2010-10-22T00:00:00Z,13655.0,NZ
2010-11-22T00:00:00Z,14321.0,NZ
2010-12-22T00:00:00Z,16628.0,NZ
2011-01-22T00:00:00Z,18936.0,NZ
2011-02-22T00:00:00Z,20882.0,NZ
2011-03-22T00:00:00Z,38665.0,NZ
2011-04-22T00:00:00Z,41484.0,NZ
2011-05-22T00:00:00Z,42490.0,NZ
2011-06-22T00:00:00Z,46876.0,NZ
2011-07-22T00:00:00Z,62591.0,NZ
2011-08-22T00:00:00Z,65876.0,NZ
2011-09-22T00:00:00Z,68914.0,NZ
2011-10-22T00:00:00Z,70177.0,NZ
2011-11-22T00:00:00Z,78199.0,NZ
2011-12-22T00:00:00Z,80393.0,NZ
2012-01-22T00:00:00Z,81909.0,NZ
2012-02-22T00:00:00Z,93481.0,NZ
2012-03-22T00:00:00Z,100215.0,NZ
2012-04-22T00:00:00Z,103431.0,NZ
2012-05-22T00:00:00Z,104723.0,NZ
2012-06-22T00:00:00Z,107234.0,NZ
2012-07-22T00:00:00Z,107958.0,NZ
2012-08-22T00:00:00Z,111676.0,NZ
2012-09-22T00:00:00Z,116472.0,NZ
2012-10-22T00:00:00Z,120475.0,NZ
2012-11-22T00:00:00Z,124499.0,NZ
2012-12-22T00:00:00Z,127303.0,NZ
2013-01-22T00:00:00Z,129675.0,NZ
2013-02-22T00:00:00Z,135874.0,NZ
2013-03-22T00:00:00Z,140055.0,NZ
2013-04-22T00:00:00Z,149471.0,NZ
2013-05-22T00:00:00Z,162297.0,NZ
2013-06-22T00:00:00Z,170268.0,NZ
2013-07-22T00:00:00Z,179264.0,NZ
2013-08-22T00:00:00Z,182998.0,NZ
2013-09-22T00:00:00Z,187310.0,NZ
2013-10-22T00:00:00Z,193178.0,NZ
2013-11-22T00:00:00Z,196301.0,NZ
2013-12-22T00:00:00Z,200294.0,NZ
2014-01-22T00:00:00Z,204834.0,NZ
2014-02-22T00:00:00Z,215401.0,NZ
2014-03-22T00:00:00Z,345327.0,NZ
2014-04-22T00:00:00Z,350831.0,NZ
2014-05-22T00:00:00Z,361780.0,NZ
2014-06-22T00:00:00Z,369099.0,NZ
2014-07-22T00:00:00Z,376436.0,NZ
2014-08-22T00:00:00Z,408795.0,NZ
2014-09-22T00:00:00Z,422523.0,NZ
2014-10-22T00:00:00Z,436193.0,NZ
2014-11-22T00:00:00Z,450539.0,NZ
2014-12-22T00:00:00Z,460268.0,NZ
2015-01-22T00:00:00Z,479129.0,NZ
2015-02-22T00:00:00Z,518403.0,NZ
2015-03-22T00:00:00Z,529271.0,NZ
2015-04-22T00:00:00Z,657383.0,NZ
2015-05-22T00:00:00Z,739403.0,NZ
2015-06-22T00:00:00Z,751686.0,NZ
2015-07-22T00:00:00Z,764448.0,NZ
2015-08-22T00:00:00Z,787122.0,NZ
2015-09-22T00:00:00Z,811294.0,NZ
2015-10-22T00:00:00Z,826482.0,NZ
2015-11-22T00:00:00Z,843578.0,NZ
2015-12-22T00:00:00Z,861010.0,NZ
2016-01-22T00:00:00Z,872426.0,NZ
2016-02-22T00:00:00Z,888817.0,NZ
2016-03-22T00:00:00Z,904144.0,NZ
2016-04-22T00:00:00Z,922876.0,NZ
2016-05-22T00:00:00Z,931929.0,NZ
2016-06-22T00:00:00Z,937272.0,NZ
2016-07-22T00:00:00Z,971698.0,NZ
2016-08-22T00:00:00Z,1012317.0,NZ
2016-09-22T00:00:00Z,1036298.0,NZ
2016-10-22T00:00:00Z,1045616.0,NZ
2016-11-22T00:00:00Z,1052225.0,NZ
2016-12-22T00:00:00Z,1066982.0,NZ
2017-01-22T00:00:00Z,1081074.0,NZ
2017-02-22T00:00:00Z,1108254.0,NZ
2017-03-22T00:00:00Z,1121500.0,NZ
2017-04-22T00:00:00Z,1126533.0,NZ
2017-05-22T00:00:00Z,1139212.0,NZ
2017-06-22T00:00:00Z,1146258.0,NZ
2017-07-22T00:00:00Z,1166232.0,NZ
2017-08-22T00:00:00Z,1192423.0,NZ
2017-09-22T00:00:00Z,1199585.0,NZ
2017-10-22T00:00:00Z,1211301.0,NZ
2017-11-22T00:00:00Z,1218221.0,NZ
2017-12-22T00:00:00Z,1236175.0,NZ
2018-01-22T00:00:00Z,1260097.0,NZ
2018-02-22T00:00:00Z,1299330.0,NZ
2018-03-22T00:00:00Z,1323734.0,NZ
2018-04-22T00:00:00Z,1360495.0,NZ
2018-05-22T00:00:00Z,1380292.0,NZ
2018-06-22T00:00:00Z,1413060.0,NZ
2018-07-22T00:00:00Z,1462868.0,NZ
2018-08-22T00:00:00Z,1531023.0,NZ
2018-09-22T00:00:00Z,1566444.0,NZ
2018-10-22T00:00:00Z,1611741.0,NZ
2018-11-22T00:00:00Z,1633346.0,NZ
2018-12-22T00:00:00Z,1642396.0,NZ
2019-01-22T00:00:00Z,1656733.0,NZ
2019-02-22T00:00:00Z,1675050.0,NZ
2019-03-22T00:00:00Z,1695686.0,NZ
2019-04-22T00:00:00Z,1702150.0,NZ
2019-05-22T00:00:00Z,1717105.0,NZ
2019-06-22T00:00:00Z,1730244.0,NZ
2019-07-22T00:00:00Z,1739842.0,NZ
2019-08-22T00:00:00Z,1765048.0,NZ
2019-09-22T00:00:00Z,1799855.0,NZ
2019-10-22T00:00:00Z,1815372.0,NZ
2019-11-22T00:00:00Z,1846073.0,NZ
2019-12-22T00:00:00Z,1859821.0,NZ
2020-01-22T00:00:00Z,1868599.0,NZ
2020-02-22T00:00:00Z,1890106.0,NZ
2020-03-22T00:00:00Z,1903589.0,NZ
2020-04-22T00:00:00Z,1921304.0,NZ
2020-05-22T00:00:00Z,1947496.0,NZ
2020-06-22T00:00:00Z,1963356.0,NZ
2020-07-22T00:00:00Z,1988022.0,NZ
2020-08-22T00:00:00Z,2023784.0,NZ
2020-09-22T00:00:00Z,2041874.0,NZ
2020-10-22T00:00:00Z,2061213.0,NZ
2020-11-22T00:00:00Z,2107385.0,NZ
2020-12-22T00:00:00Z,2120386.0,NZ
2021-01-22T00:00:00Z,2137157.0,NZ
2021-02-22T00:00:00Z,2158411.0,NZ
2021-03-22T00:00:00Z,2189570.0,NZ
2021-04-22T00:00:00Z,2236616.0,NZ
2021-05-22T00:00:00Z,2346009.0,NZ
2021-06-22T00:00:00Z,2482566.0,NZ
2021-07-22T00:00:00Z,2578267.0,NZ
2021-08-22T00:00:00Z,2673540.0,NZ
2021-09-22T00:00:00Z,2804631.0,NZ
2021-10-22T00:00:00Z,2874837.0,NZ
2021-11-22T00:00:00Z,2945905.0,NZ
2021-12-22T00:00:00Z,2990341.0,NZ
2022-01-22T00:00:00Z,3029548.0,NZ
2022-02-22T00:00:00Z,3070807.0,NZ
2022-03-22T00:00:00Z,3114380.0,NZ
2022-04-22T00:00:00Z,3177087.0,NZ
2022-05-22T00:00:00Z,3223061.0,NZ
2022-06-22T00:00:00Z,3276476.0,NZ
2022-07-22T00:00:00Z,3343312.0,NZ
2022-08-22T00:00:00Z,3412740.0,NZ
2022-09-22T00:00:00Z,3472420.0,NZ
2022-10-22T00:00:00Z,3519888.0,NZ
2022-11-22T00:00:00Z,3572540.0,NZ
2022-12-22T00:00:00Z,3595344.0,NZ
2023-01-22T00:00:00Z,3631416.0,NZ
2023-02-22T00:00:00Z,3695258.0,NZ
2023-03-22T00:00:00Z,3760536.0,NZ
2023-04-22T00:00:00Z,3821683.0,NZ
2023-05-22T00:00:00Z,3860103.0,NZ
2023-06-22T00:00:00Z,3904874.0,NZ
2023-07-22T00:00:00Z,3951582.0,NZ
2023-08-22T00:00:00Z,3978749.0,NZ
2023-09-22T00:00:00Z,4018091.0,NZ
2023-10-22T00:00:00Z,4057452.0,NZ
2023-11-22T00:00:00Z,4090576.0,NZ
2023-12-22T00:00:00Z,4118195.0,NZ
2024-01-22T00:00:00Z,4138993.0,NZ
2024-02-22T00:00:00Z,4167930.0,NZ
2024-03-22T00:00:00Z,4197176.0,NZ
2024-04-22T00:00:00Z,4233749.0,NZ
2024-05-22T00:00:00Z,4261896.0,NZ
2024-06-22T00:00:00Z,4281377.0,NZ
2024-07-22T00:00:00Z,4321763.0,NZ
2024-08-22T00:00:00Z,4353349.0,NZ
2024-09-22T00:00:00Z,4437518.0,NZ
2024-10-22T00:00:00Z,4465154.0,NZ
2024-11-22T00:00:00Z,4493655.0,NZ
2024-12-22T00:00:00Z,4520960.0,NZ
2025-01-22T00:00:00Z,4559087.0,NZ
2025-02-22T00:00:00Z,4600240.0,NZ
2025-03-22T00:00:00Z,4669784.0,NZ
2025-04-22T00:00:00Z,4735400.0,NZ
2025-05-22T00:00:00Z,4798970.0,NZ
2025-06-22T00:00:00Z,4864283.0,NZ
2025-07-22T00:00:00Z,4911810.0,NZ
2025-08-22T00:00:00Z,4942735.0,NZ
2025-09-22T00:00:00Z,4975640.0,NZ
2025-10-22T00:00:00Z,5002829.0,NZ
2008-01-22T00:00:00Z,371.0,CY
2008-02-22T00:00:00Z,413.0,CY
2008-03-22T00:00:00Z,413.0,CY
2008-04-22T00:00:00Z,414.0,CY
2008-05-22T00:00:00Z,424.0,CY
2008-06-22T00:00:00Z,436.0,CY
2008-07-22T00:00:00Z,438.0,CY
2008-08-22T00:00:00Z,486.0,CY
2008-09-22T00:00:00Z,533.0,CY
2008-10-22T00:00:00Z,632.0,CY
2008-11-22T00:00:00Z,647.0,CY
2008-12-22T00:00:00Z,668.0,CY
2009-01-22T00:00:00Z,680.0,CY
2009-02-22T00:00:00Z,694.0,CY
2009-03-22T00:00:00Z,700.0,CY
2009-04-22T00:00:00Z,735.0,CY
2009-05-22T00:00:00Z,816.0,CY
2009-06-22T00:00:00Z,821.0,CY
2009-07-22T00:00:00Z,821.0,CY
2009-08-22T00:00:00Z,822.0,CY
2009-09-22T00:00:00Z,825.0,CY
2009-10-22T00:00:00Z,824.0,CY
2009-11-22T00:00:00Z,868.0,CY
2009-12-22T00:00:00Z,1023.0,CY
2010-01-22T00:00:00Z,1031.0,CY
2010-02-22T00:00:00Z,1026.0,CY
2010-03-22T00:00:00Z,1058.0,CY
2010-04-22T00:00:00Z,1069.0,CY
2010-05-22T00:00:00Z,1070.0,CY
2010-06-22T00:00:00Z,1070.0,CY
2010-07-22T00:00:00Z,1070.0,CY
2010-08-22T00:00:00Z,1069.0,CY
2010-09-22T00:00:00Z,1101.0,CY
2010-10-22T00:00:00Z,1468.0,CY
2010-11-22T00:00:00Z,1747.0,CY
2010-12-22T00:00:00Z,1816.0,CY
2011-01-22T00:00:00Z,1833.0,CY
2011-02-22T00:00:00Z,1841.0,CY
2011-03-22T00:00:00Z,1901.0,CY
2011-04-22T00:00:00Z,1927.0,CY
2011-05-22T00:00:00Z,2091.0,CY
2011-06-22T00:00:00Z,2075.0,CY
2011-07-22T00:00:00Z,2133.0,CY
2011-08-22T00:00:00Z,2262.0,CY
2011-09-22T00:00:00Z,2266.0,CY
2011-10-22T00:00:00Z,2549.0,CY
2011-11-22T00:00:00Z,2561.0,CY
2011-12-22T00:00:00Z,2648.0,CY
2012-01-22T00:00:00Z,2888.0,CY
2012-02-22T00:00:00Z,2900.0,CY
2012-03-22T00:00:00Z,2863.0,CY
2012-04-22T00:00:00Z,2848.0,CY
2012-05-22T00:00:00Z,2851.0,CY
2012-06-22T00:00:00Z,2890.0,CY
2012-07-22T00:00:00Z,2686.0,CY
2012-08-22T00:00:00Z,2801.0,CY
2012-09-22T00:00:00Z,3149.0,CY
2012-10-22T00:00:00Z,4014.0,CY
2012-11-22T00:00:00Z,4653.0,CY
2012-12-22T00:00:00Z,4916.0,CY
2013-01-22T00:00:00Z,6306.0,CY
2013-02-22T00:00:00Z,8254.0,CY
2013-03-22T00:00:00Z,8807.0,CY
2013-04-22T00:00:00Z,8899.0,CY
2013-05-22T00:00:00Z,9044.0,CY
2013-06-22T00:00:00Z,9125.0,CY
2013-07-22T00:00:00Z,9435.0,CY
2013-08-22T00:00:00Z,9557.0,CY
2013-09-22T00:00:00Z,9689.0,CY
2013-10-22T00:00:00Z,9738.0,CY
2013-11-22T00:00:00Z,10033.0,CY
2013-12-22T00:00:00Z,10256.0,CY
2014-01-22T00:00:00Z,10379.0,CY
2014-02-22T00:00:00Z,10410.0,CY
2014-03-22T00:00:00Z,11028.0,CY
2014-04-22T00:00:00Z,11444.0,CY
2014-05-22T00:00:00Z,12178.0,CY
2014-06-22T00:00:00Z,12381.0,CY
2014-07-22T00:00:00Z,12414.0,CY
2014-08-22T00:00:00Z,12856.0,CY
2014-09-22T00:00:00Z,12944.0,CY
2014-10-22T00:00:00Z,12990.0,CY
2014-11-22T00:00:00Z,13024.0,CY
2014-12-22T00:00:00Z,13143.0,CY
2015-01-22T00:00:00Z,13390.0,CY
2015-02-22T00:00:00Z,13486.0,CY
2015-03-22T00:00:00Z,13599.0,CY
2015-04-22T00:00:00Z,13812.0,CY
2015-05-22T00:00:00Z,13946.0,CY
2015-06-22T00:00:00Z,16163.0,CY
2015-07-22T00:00:00Z,16174.0,CY
2015-08-22T00:00:00Z,16247.0,CY
2015-09-22T00:00:00Z,16327.0,CY
2015-10-22T00:00:00Z,16481.0,CY
2015-11-22T00:00:00Z,16662.0,CY
2015-12-22T00:00:00Z,16716.0,CY
2016-01-22T00:00:00Z,16808.0,CY
2016-02-22T00:00:00Z,17897.0,CY
2016-03-22T00:00:00Z,18009.0,CY
2016-04-22T00:00:00Z,18021.0,CY
2016-05-22T00:00:00Z,18125.0,CY
2016-06-22T00:00:00Z,18230.0,CY
2016-07-22T00:00:00Z,19770.0,CY
2016-08-22T00:00:00Z,20980.0,CY
2016-09-22T00:00:00Z,25252.0,CY
2016-10-22T00:00:00Z,25349.0,CY
2016-11-22T00:00:00Z,25438.0,CY
2016-12-22T00:00:00Z,25843.0,CY
2017-01-22T00:00:00Z,26400.0,CY
2017-02-22T00:00:00Z,26578.0,CY
2017-03-22T00:00:00Z,26810.0,CY
2017-04-22T00:00:00Z,27715.0,CY
2017-05-22T00:00:00Z,28269.0,CY
2017-06-22T00:00:00Z,28323.0,CY
2017-07-22T00:00:00Z,28557.0,CY
2017-08-22T00:00:00Z,29317.0,CY
2017-09-22T00:00:00Z,29450.0,CY
2017-10-22T00:00:00Z,30086.0,CY
2017-11-22T00:00:00Z,36491.0,CY
2017-12-22T00:00:00Z,36770.0,CY
2018-01-22T00:00:00Z,36989.0,CY
2018-02-22T00:00:00Z,37710.0,CY
2018-03-22T00:00:00Z,37931.0,CY
2018-04-22T00:00:00Z,39812.0,CY
2018-05-22T00:00:00Z,40270.0,CY
2018-06-22T00:00:00Z,40614.0,CY
2018-07-22T00:00:00Z,41137.0,CY
2018-08-22T00:00:00Z,41198.0,CY
2018-09-22T00:00:00Z,41675.0,CY
2018-10-22T00:00:00Z,43688.0,CY
2018-11-22T00:00:00Z,44498.0,CY
2018-12-22T00:00:00Z,44710.0,CY
2019-01-22T00:00:00Z,46510.0,CY
2019-02-22T00:00:00Z,46678.0,CY
2019-03-22T00:00:00Z,47159.0,CY
2019-04-22T00:00:00Z,47380.0,CY
2019-05-22T00:00:00Z,50765.0,CY
2019-06-22T00:00:00Z,54713.0,CY
2019-07-22T00:00:00Z,55640.0,CY
2019-08-22T00:00:00Z,56360.0,CY
2019-09-22T00:00:00Z,57863.0,CY
2019-10-22T00:00:00Z,58504.0,CY
2019-11-22T00:00:00Z,59356.0,CY
2019-12-22T00:00:00Z,59397.0,CY
2020-01-22T00:00:00Z,59590.0,CY
2020-02-22T00:00:00Z,59810.0,CY
2020-03-22T00:00:00Z,60689.0,CY
2020-04-22T00:00:00Z,61559.0,CY
2020-05-22T00:00:00Z,68823.0,CY
2020-06-22T00:00:00Z,68867.0,CY
2020-07-22T00:00:00Z,69792.0,CY
2020-08-22T00:00:00Z,71683.0,CY
2020-09-22T00:00:00Z,76830.0,CY
2020-10-22T00:00:00Z,77312.0,CY
2020-11-22T00:00:00Z,77388.0,CY
2020-12-22T00:00:00Z,77592.0,CY
2021-01-22T00:00:00Z,78198.0,CY
2021-02-22T00:00:00Z,79555.0,CY
2021-03-22T00:00:00Z,79600.0,CY
2021-04-22T00:00:00Z,79859.0,CY
2021-05-22T00:00:00Z,80303.0,CY
2021-06-22T00:00:00Z,80866.0,CY
2021-07-22T00:00:00Z,86458.0,CY
2021-08-22T00:00:00Z,95365.0,CY
2021-09-22T00:00:00Z,100689.0,CY
2021-10-22T00:00:00Z,106520.0,CY
2021-11-22T00:00:00Z,111497.0,CY
2021-12-22T00:00:00Z,114342.0,CY
2022-01-22T00:00:00Z,116973.0,CY
2022-02-22T00:00:00Z,128884.0,CY
2022-03-22T00:00:00Z,132838.0,CY
2022-04-22T00:00:00Z,138300.0,CY
2022-05-22T00:00:00Z,138457.0,CY
2022-06-22T00:00:00Z,139929.0,CY
2022-07-22T00:00:00Z,141807.0,CY
2022-08-22T00:00:00Z,145654.0,CY
2022-09-22T00:00:00Z,148331.0,CY
2022-10-22T00:00:00Z,150959.0,CY
2022-11-22T00:00:00Z,153852.0,CY
2022-12-22T00:00:00Z,153984.0,CY
2023-01-22T00:00:00Z,154766.0,CY
2023-02-22T00:00:00Z,157478.0,CY
2023-03-22T00:00:00Z,158778.0,CY
2023-04-22T00:00:00Z,161335.0,CY
2023-05-22T00:00:00Z,161789.0,CY
2023-06-22T00:00:00Z,163256.0,CY
2023-07-22T00:00:00Z,165257.0,CY
2023-08-22T00:00:00Z,167038.0,CY
2023-09-22T00:00:00Z,167914.0,CY
2023-10-22T00:00:00Z,169274.0,CY
2023-11-22T00:00:00Z,169475.0,CY
2023-12-22T00:00:00Z,170353.0,CY
2024-01-22T00:00:00Z,170612.0,CY
2024-02-22T00:00:00Z,173550.0,CY
2024-03-22T00:00:00Z,175164.0,CY
2024-04-22T00:00:00Z,180477.0,CY
2024-05-22T00:00:00Z,184283.0,CY
2024-06-22T00:00:00Z,187178.0,CY
2024-07-22T00:00:00Z,188589.0,CY
2024-08-22T00:00:00Z,191070.0,CY
2024-09-22T00:00:00Z,197129.0,CY
2024-10-22T00:00:00Z,198612.0,CY
2024-11-22T00:00:00Z,200687.0,CY
2024-12-22T00:00:00Z,215765.0,CY
2025-01-22T00:00:00Z,217495.0,CY
2025-02-22T00:00:00Z,220939.0,CY
2025-03-22T00:00:00Z,224677.0,CY
2025-04-22T00:00:00Z,227787.0,CY
2025-05-22T00:00:00Z,232340.0,CY
2025-06-22T00:00:00Z,234383.0,CY
2025-07-22T00:00:00Z,238955.0,CY
2025-08-22T00:00:00Z,241896.0,CY
2025-09-22T00:00:00Z,244633.0,CY
2025-10-22T00:00:00Z,247316.0,CY
