timestamp,value,ISO,region
2008-01-22T00:00:00Z,0.0,NP,NP-P3
2008-02-22T00:00:00Z,0.0,NP,NP-P3
2008-03-22T00:00:00Z,0.0,NP,NP-P3
2008-04-22T00:00:00Z,0.0,NP,NP-P3
2008-05-22T00:00:00Z,0.0,NP,NP-P3
2008-06-22T00:00:00Z,0.0,NP,NP-P3
2008-07-22T00:00:00Z,0.0,NP,NP-P3
2008-08-22T00:00:00Z,0.0,NP,NP-P3
2008-09-22T00:00:00Z,0.0,NP,NP-P3
2008-10-22T00:00:00Z,0.0,NP,NP-P3
2008-11-22T00:00:00Z,0.0,NP,NP-P3
2008-12-22T00:00:00Z,0.0,NP,NP-P3
2009-01-22T00:00:00Z,0.0,NP,NP-P3
2009-02-22T00:00:00Z,0.0,NP,NP-P3
2009-03-22T00:00:00Z,0.0,NP,NP-P3
2009-04-22T00:00:00Z,0.0,NP,NP-P3
2009-05-22T00:00:00Z,0.0,NP,NP-P3
2009-06-22T00:00:00Z,0.0,NP,NP-P3
2009-07-22T00:00:00Z,6657.44,NP,NP-P3
2009-08-22T00:00:00Z,6657.44,NP,NP-P3
2009-09-22T00:00:00Z,6657.44,NP,NP-P3
2009-10-22T00:00:00Z,6657.44,NP,NP-P3
2009-11-22T00:00:00Z,9249.8,NP,NP-P3
2009-12-22T00:00:00Z,9249.8,NP,NP-P3
2010-01-22T00:00:00Z,9249.8,NP,NP-P3
2010-02-22T00:00:00Z,9249.8,NP,NP-P3
2010-03-22T00:00:00Z,10062.01,NP,NP-P3
2010-04-22T00:00:00Z,10062.01,NP,NP-P3
2010-05-22T00:00:00Z,8919.54,NP,NP-P3
2010-06-22T00:00:00Z,8919.54,NP,NP-P3
2010-07-22T00:00:00Z,8919.54,NP,NP-P3
2010-08-22T00:00:00Z,26837.45,NP,NP-P3
2010-09-22T00:00:00Z,26837.45,NP,NP-P3
2010-10-22T00:00:00Z,38326.57,NP,NP-P3
2010-11-22T00:00:00Z,50272.07,NP,NP-P3
2010-12-22T00:00:00Z,48362.97,NP,NP-P3
2011-01-22T00:00:00Z,48362.97,NP,NP-P3
2011-02-22T00:00:00Z,48362.97,NP,NP-P3
2011-03-22T00:00:00Z,48362.97,NP,NP-P3
2011-04-22T00:00:00Z,48362.97,NP,NP-P3
2011-05-22T00:00:00Z,155956.59,NP,NP-P3
2011-06-22T00:00:00Z,157587.29,NP,NP-P3
2011-07-22T00:00:00Z,204177.69,NP,NP-P3
2011-08-22T00:00:00Z,243535.78,NP,NP-P3
2011-09-22T00:00:00Z,245605.47,NP,NP-P3
2011-10-22T00:00:00Z,247631.13,NP,NP-P3
2011-11-22T00:00:00Z,277593.9,NP,NP-P3
2011-12-22T00:00:00Z,282454.76,NP,NP-P3
2012-01-22T00:00:00Z,426754.18,NP,NP-P3
2012-02-22T00:00:00Z,428920.06,NP,NP-P3
2012-03-22T00:00:00Z,434306.67,NP,NP-P3
2012-04-22T00:00:00Z,434306.67,NP,NP-P3
2012-05-22T00:00:00Z,626280.96,NP,NP-P3
2012-06-22T00:00:00Z,662899.81,NP,NP-P3
2012-07-22T00:00:00Z,638224.91,NP,NP-P3
2012-08-22T00:00:00Z,650118.08,NP,NP-P3
2012-09-22T00:00:00Z,1101452.18,NP,NP-P3
2012-10-22T00:00:00Z,1358661.66,NP,NP-P3
2012-11-22T00:00:00Z,1454714.18,NP,NP-P3
2012-12-22T00:00:00Z,2162799.86,NP,NP-P3
2013-01-22T00:00:00Z,2470376.18,NP,NP-P3
2013-02-22T00:00:00Z,4055995.67,NP,NP-P3
2013-03-22T00:00:00Z,8249547.58,NP,NP-P3
2013-04-22T00:00:00Z,9544585.13,NP,NP-P3
2013-05-22T00:00:00Z,10222833.89,NP,NP-P3
2013-06-22T00:00:00Z,11113143.8,NP,NP-P3
2013-07-22T00:00:00Z,11274250.16,NP,NP-P3
2013-08-22T00:00:00Z,11462326.59,NP,NP-P3
2013-09-22T00:00:00Z,12451923.34,NP,NP-P3
2013-10-22T00:00:00Z,13008001.96,NP,NP-P3
2013-11-22T00:00:00Z,16634887.17,NP,NP-P3
2013-12-22T00:00:00Z,15861830.33,NP,NP-P3
2014-01-22T00:00:00Z,15883441.68,NP,NP-P3
2014-02-22T00:00:00Z,15908021.51,NP,NP-P3
2014-03-22T00:00:00Z,15888486.83,NP,NP-P3
2014-04-22T00:00:00Z,15965380.89,NP,NP-P3
2014-05-22T00:00:00Z,16173585.47,NP,NP-P3
2014-06-22T00:00:00Z,16217840.89,NP,NP-P3
2014-07-22T00:00:00Z,16215783.24,NP,NP-P3
2014-08-22T00:00:00Z,16563061.12,NP,NP-P3
2014-09-22T00:00:00Z,16987720.61,NP,NP-P3
2014-10-22T00:00:00Z,17054521.34,NP,NP-P3
2014-11-22T00:00:00Z,17139897.7,NP,NP-P3
2014-12-22T00:00:00Z,17416008.05,NP,NP-P3
2015-01-22T00:00:00Z,17446200.43,NP,NP-P3
2015-02-22T00:00:00Z,18605895.68,NP,NP-P3
2015-03-22T00:00:00Z,19828653.31,NP,NP-P3
2015-04-22T00:00:00Z,20363424.77,NP,NP-P3
2015-05-22T00:00:00Z,72774070.37,NP,NP-P3
2015-06-22T00:00:00Z,74653577.67,NP,NP-P3
2015-07-22T00:00:00Z,76179420.79,NP,NP-P3
2015-08-22T00:00:00Z,76854409.99,NP,NP-P3
2015-09-22T00:00:00Z,77487957.39,NP,NP-P3
2015-10-22T00:00:00Z,77862659.1,NP,NP-P3
2015-11-22T00:00:00Z,78002969.86,NP,NP-P3
2015-12-22T00:00:00Z,78154064.57,NP,NP-P3
2016-01-22T00:00:00Z,78359446.05,NP,NP-P3
2016-02-22T00:00:00Z,78392357.45,NP,NP-P3
2016-03-22T00:00:00Z,78395635.4,NP,NP-P3
2016-04-22T00:00:00Z,78430174.37,NP,NP-P3
2016-05-22T00:00:00Z,78490441.7,NP,NP-P3
2016-06-22T00:00:00Z,78668940.74,NP,NP-P3
2016-07-22T00:00:00Z,78722991.59,NP,NP-P3
2016-08-22T00:00:00Z,78773816.51,NP,NP-P3
2016-09-22T00:00:00Z,78824267.51,NP,NP-P3
2016-10-22T00:00:00Z,78834162.76,NP,NP-P3
2016-11-22T00:00:00Z,78765364.56,NP,NP-P3
2016-12-22T00:00:00Z,78663736.78,NP,NP-P3
2017-01-22T00:00:00Z,78669397.11,NP,NP-P3
2017-02-22T00:00:00Z,78672907.24,NP,NP-P3
2017-03-22T00:00:00Z,78683612.72,NP,NP-P3
2017-04-22T00:00:00Z,78584357.21,NP,NP-P3
2017-05-22T00:00:00Z,78655809.4,NP,NP-P3
2017-06-22T00:00:00Z,79579428.55,NP,NP-P3
2017-07-22T00:00:00Z,80119318.35,NP,NP-P3
2017-08-22T00:00:00Z,80908999.3,NP,NP-P3
2017-09-22T00:00:00Z,82908336.81,NP,NP-P3
2017-10-22T00:00:00Z,83031423.59,NP,NP-P3
2017-11-22T00:00:00Z,83088998.45,NP,NP-P3
2017-12-22T00:00:00Z,83113862.66,NP,NP-P3
2018-01-22T00:00:00Z,83165089.85,NP,NP-P3
2018-02-22T00:00:00Z,83605766.27,NP,NP-P3
2018-03-22T00:00:00Z,83605519.27,NP,NP-P3
2018-04-22T00:00:00Z,83693545.78,NP,NP-P3
2018-05-22T00:00:00Z,83963363.05,NP,NP-P3
2018-06-22T00:00:00Z,83981737.23,NP,NP-P3
2018-07-22T00:00:00Z,84005159.61,NP,NP-P3
2018-08-22T00:00:00Z,84051782.7,NP,NP-P3
2018-09-22T00:00:00Z,84110792.06,NP,NP-P3
2018-10-22T00:00:00Z,84145875.74,NP,NP-P3
2018-11-22T00:00:00Z,84861342.9,NP,NP-P3
2018-12-22T00:00:00Z,88184021.2,NP,NP-P3
2019-01-22T00:00:00Z,88225525.06,NP,NP-P3
2019-02-22T00:00:00Z,88248238.56,NP,NP-P3
2019-03-22T00:00:00Z,89091557.05,NP,NP-P3
2019-04-22T00:00:00Z,89101900.22,NP,NP-P3
2019-05-22T00:00:00Z,89115857.15,NP,NP-P3
2019-06-22T00:00:00Z,88197559.76,NP,NP-P3
2019-07-22T00:00:00Z,88343472.53,NP,NP-P3
2019-08-22T00:00:00Z,88595358.31,NP,NP-P3
2019-09-22T00:00:00Z,88696545.25,NP,NP-P3
2019-10-22T00:00:00Z,88697729.06,NP,NP-P3
2019-11-22T00:00:00Z,88820318.13,NP,NP-P3
2019-12-22T00:00:00Z,88873815.55,NP,NP-P3
2020-01-22T00:00:00Z,88910941.99,NP,NP-P3
2020-02-22T00:00:00Z,88904185.99,NP,NP-P3
2020-03-22T00:00:00Z,89083148.88,NP,NP-P3
2020-04-22T00:00:00Z,89192557.25,NP,NP-P3
2020-05-22T00:00:00Z,89467280.72,NP,NP-P3
2020-06-22T00:00:00Z,89574084.82,NP,NP-P3
2020-07-22T00:00:00Z,89663030.13,NP,NP-P3
2020-08-22T00:00:00Z,89697809.45,NP,NP-P3
2020-09-22T00:00:00Z,90016437.27,NP,NP-P3
2020-10-22T00:00:00Z,90384734.33,NP,NP-P3
2020-11-22T00:00:00Z,90603075.3,NP,NP-P3
2020-12-22T00:00:00Z,91362703.46,NP,NP-P3
2021-01-22T00:00:00Z,93447317.65,NP,NP-P3
2021-02-22T00:00:00Z,99567728.02,NP,NP-P3
2021-03-22T00:00:00Z,101753007.39,NP,NP-P3
2021-04-22T00:00:00Z,102667555.91,NP,NP-P3
2021-05-22T00:00:00Z,98966761.82,NP,NP-P3
2021-06-22T00:00:00Z,99340394.78,NP,NP-P3
2021-07-22T00:00:00Z,99467974.0,NP,NP-P3
2021-08-22T00:00:00Z,99525080.47,NP,NP-P3
2021-09-22T00:00:00Z,99545759.78,NP,NP-P3
2021-10-22T00:00:00Z,99888295.49,NP,NP-P3
2021-11-22T00:00:00Z,100211955.38,NP,NP-P3
2021-12-22T00:00:00Z,100024039.88,NP,NP-P3
2022-01-22T00:00:00Z,102658081.65,NP,NP-P3
2022-02-22T00:00:00Z,103514911.63,NP,NP-P3
2022-03-22T00:00:00Z,103942963.02,NP,NP-P3
2022-04-22T00:00:00Z,104015164.94,NP,NP-P3
2022-05-22T00:00:00Z,104704948.06,NP,NP-P3
2022-06-22T00:00:00Z,105095053.92,NP,NP-P3
2022-07-22T00:00:00Z,105468172.0,NP,NP-P3
2022-08-22T00:00:00Z,105732314.73,NP,NP-P3
2022-09-22T00:00:00Z,106246076.26,NP,NP-P3
2022-10-22T00:00:00Z,107079322.93,NP,NP-P3
2022-11-22T00:00:00Z,107419332.77,NP,NP-P3
2022-12-22T00:00:00Z,107639948.68,NP,NP-P3
2023-01-22T00:00:00Z,107859218.62,NP,NP-P3
2023-02-22T00:00:00Z,108266221.17,NP,NP-P3
2023-03-22T00:00:00Z,108651005.8,NP,NP-P3
2023-04-22T00:00:00Z,108920911.07,NP,NP-P3
2023-05-22T00:00:00Z,109140483.54,NP,NP-P3
2023-06-22T00:00:00Z,109176120.97,NP,NP-P3
2023-07-22T00:00:00Z,109366774.87,NP,NP-P3
2023-08-22T00:00:00Z,109458330.98,NP,NP-P3
2023-09-22T00:00:00Z,109682129.66,NP,NP-P3
2023-10-22T00:00:00Z,109705112.94,NP,NP-P3
2023-11-22T00:00:00Z,109753883.41,NP,NP-P3
2023-12-22T00:00:00Z,109808066.18,NP,NP-P3
2024-01-22T00:00:00Z,109912986.49,NP,NP-P3
2024-02-22T00:00:00Z,110030027.92,NP,NP-P3
2024-03-22T00:00:00Z,110071361.84,NP,NP-P3
2024-04-22T00:00:00Z,110132618.37,NP,NP-P3
2024-05-22T00:00:00Z,111125221.77,NP,NP-P3
2024-06-22T00:00:00Z,111133783.68,NP,NP-P3
2024-07-22T00:00:00Z,111154155.39,NP,NP-P3
2024-08-22T00:00:00Z,111181602.2,NP,NP-P3
2024-09-22T00:00:00Z,111253969.45,NP,NP-P3
2024-10-22T00:00:00Z,111264014.3,NP,NP-P3
2024-11-22T00:00:00Z,111460170.56,NP,NP-P3
2024-12-22T00:00:00Z,111464442.9,NP,NP-P3
2025-01-22T00:00:00Z,111651530.76,NP,NP-P3
2025-02-22T00:00:00Z,111922280.29,NP,NP-P3
2025-03-22T00:00:00Z,112151078.0,NP,NP-P3
2025-04-22T00:00:00Z,112294461.6,NP,NP-P3
2025-05-22T00:00:00Z,112411347.79,NP,NP-P3
2025-06-22T00:00:00Z,112744039.37,NP,NP-P3
2025-07-22T00:00:00Z,112872446.49,NP,NP-P3
2025-08-22T00:00:00Z,113131160.03,NP,NP-P3
2025-09-22T00:00:00Z,113273141.03,NP,NP-P3
2025-10-22T00:00:00Z,113470023.11,NP,NP-P3
2008-01-22T00:00:00Z,0.0,NP,NP-P6
2008-02-22T00:00:00Z,0.0,NP,NP-P6
2008-03-22T00:00:00Z,0.0,NP,NP-P6
2008-04-22T00:00:00Z,0.0,NP,NP-P6
2008-05-22T00:00:00Z,0.0,NP,NP-P6
2008-06-22T00:00:00Z,0.0,NP,NP-P6
2008-07-22T00:00:00Z,0.0,NP,NP-P6
2008-08-22T00:00:00Z,0.0,NP,NP-P6
2008-09-22T00:00:00Z,0.0,NP,NP-P6
2008-10-22T00:00:00Z,0.0,NP,NP-P6
2008-11-22T00:00:00Z,0.0,NP,NP-P6
2008-12-22T00:00:00Z,0.0,NP,NP-P6
2009-01-22T00:00:00Z,0.0,NP,NP-P6
2009-02-22T00:00:00Z,0.0,NP,NP-P6
2009-03-22T00:00:00Z,0.0,NP,NP-P6
2009-04-22T00:00:00Z,0.0,NP,NP-P6
2009-05-22T00:00:00Z,0.0,NP,NP-P6
2009-06-22T00:00:00Z,0.0,NP,NP-P6
2009-07-22T00:00:00Z,0.0,NP,NP-P6
2009-08-22T00:00:00Z,0.0,NP,NP-P6
2009-09-22T00:00:00Z,0.0,NP,NP-P6
2009-10-22T00:00:00Z,0.0,NP,NP-P6
2009-11-22T00:00:00Z,0.0,NP,NP-P6
2009-12-22T00:00:00Z,0.0,NP,NP-P6
2010-01-22T00:00:00Z,0.0,NP,NP-P6
2010-02-22T00:00:00Z,0.0,NP,NP-P6
2010-03-22T00:00:00Z,0.0,NP,NP-P6
2010-04-22T00:00:00Z,0.0,NP,NP-P6
2010-05-22T00:00:00Z,0.0,NP,NP-P6
2010-06-22T00:00:00Z,0.0,NP,NP-P6
2010-07-22T00:00:00Z,0.0,NP,NP-P6
2010-08-22T00:00:00Z,0.0,NP,NP-P6
2010-09-22T00:00:00Z,0.0,NP,NP-P6
2010-10-22T00:00:00Z,0.0,NP,NP-P6
2010-11-22T00:00:00Z,0.0,NP,NP-P6
2010-12-22T00:00:00Z,0.0,NP,NP-P6
2011-01-22T00:00:00Z,0.0,NP,NP-P6
2011-02-22T00:00:00Z,0.0,NP,NP-P6
2011-03-22T00:00:00Z,0.0,NP,NP-P6
2011-04-22T00:00:00Z,0.0,NP,NP-P6
2011-05-22T00:00:00Z,0.0,NP,NP-P6
2011-06-22T00:00:00Z,0.0,NP,NP-P6
2011-07-22T00:00:00Z,0.0,NP,NP-P6
2011-08-22T00:00:00Z,0.0,NP,NP-P6
2011-09-22T00:00:00Z,0.0,NP,NP-P6
2011-10-22T00:00:00Z,0.0,NP,NP-P6
2011-11-22T00:00:00Z,0.0,NP,NP-P6
2011-12-22T00:00:00Z,0.0,NP,NP-P6
2012-01-22T00:00:00Z,0.0,NP,NP-P6
2012-02-22T00:00:00Z,0.0,NP,NP-P6
2012-03-22T00:00:00Z,0.0,NP,NP-P6
2012-04-22T00:00:00Z,0.0,NP,NP-P6
2012-05-22T00:00:00Z,0.0,NP,NP-P6
2012-06-22T00:00:00Z,0.0,NP,NP-P6
2012-07-22T00:00:00Z,0.0,NP,NP-P6
2012-08-22T00:00:00Z,0.0,NP,NP-P6
2012-09-22T00:00:00Z,0.0,NP,NP-P6
2012-10-22T00:00:00Z,0.0,NP,NP-P6
2012-11-22T00:00:00Z,1217.29,NP,NP-P6
2012-12-22T00:00:00Z,1217.29,NP,NP-P6
2013-01-22T00:00:00Z,1217.29,NP,NP-P6
2013-02-22T00:00:00Z,1217.29,NP,NP-P6
2013-03-22T00:00:00Z,47759.77,NP,NP-P6
2013-04-22T00:00:00Z,48389.13,NP,NP-P6
2013-05-22T00:00:00Z,48389.13,NP,NP-P6
2013-06-22T00:00:00Z,48389.13,NP,NP-P6
2013-07-22T00:00:00Z,69122.04,NP,NP-P6
2013-08-22T00:00:00Z,69219.19,NP,NP-P6
2013-09-22T00:00:00Z,69219.19,NP,NP-P6
2013-10-22T00:00:00Z,83915.15,NP,NP-P6
2013-11-22T00:00:00Z,97139.89,NP,NP-P6
2013-12-22T00:00:00Z,97139.89,NP,NP-P6
2014-01-22T00:00:00Z,97139.89,NP,NP-P6
2014-02-22T00:00:00Z,97139.89,NP,NP-P6
2014-03-22T00:00:00Z,97139.89,NP,NP-P6
2014-04-22T00:00:00Z,97139.89,NP,NP-P6
2014-05-22T00:00:00Z,97139.89,NP,NP-P6
2014-06-22T00:00:00Z,97300.27,NP,NP-P6
2014-07-22T00:00:00Z,76567.35,NP,NP-P6
2014-08-22T00:00:00Z,76567.35,NP,NP-P6
2014-09-22T00:00:00Z,178774.65,NP,NP-P6
2014-10-22T00:00:00Z,178774.65,NP,NP-P6
2014-11-22T00:00:00Z,178774.65,NP,NP-P6
2014-12-22T00:00:00Z,178774.65,NP,NP-P6
2015-01-22T00:00:00Z,178774.65,NP,NP-P6
2015-02-22T00:00:00Z,179536.04,NP,NP-P6
2015-03-22T00:00:00Z,187952.57,NP,NP-P6
2015-04-22T00:00:00Z,187952.57,NP,NP-P6
2015-05-22T00:00:00Z,279797.66,NP,NP-P6
2015-06-22T00:00:00Z,322208.45,NP,NP-P6
2015-07-22T00:00:00Z,325369.68,NP,NP-P6
2015-08-22T00:00:00Z,339329.26,NP,NP-P6
2015-09-22T00:00:00Z,340359.41,NP,NP-P6
2015-10-22T00:00:00Z,355066.18,NP,NP-P6
2015-11-22T00:00:00Z,429945.06,NP,NP-P6
2015-12-22T00:00:00Z,583690.41,NP,NP-P6
2016-01-22T00:00:00Z,660364.73,NP,NP-P6
2016-02-22T00:00:00Z,732808.36,NP,NP-P6
2016-03-22T00:00:00Z,791400.95,NP,NP-P6
2016-04-22T00:00:00Z,825484.55,NP,NP-P6
2016-05-22T00:00:00Z,804288.32,NP,NP-P6
2016-06-22T00:00:00Z,804288.32,NP,NP-P6
2016-07-22T00:00:00Z,817510.43,NP,NP-P6
2016-08-22T00:00:00Z,946584.97,NP,NP-P6
2016-09-22T00:00:00Z,1031633.25,NP,NP-P6
2016-10-22T00:00:00Z,1028615.83,NP,NP-P6
2016-11-22T00:00:00Z,1632003.3,NP,NP-P6
2016-12-22T00:00:00Z,2819287.41,NP,NP-P6
2017-01-22T00:00:00Z,3946889.49,NP,NP-P6
2017-02-22T00:00:00Z,5109346.99,NP,NP-P6
2017-03-22T00:00:00Z,5442595.84,NP,NP-P6
2017-04-22T00:00:00Z,5482224.69,NP,NP-P6
2017-05-22T00:00:00Z,5486095.09,NP,NP-P6
2017-06-22T00:00:00Z,5488402.49,NP,NP-P6
2017-07-22T00:00:00Z,5545735.03,NP,NP-P6
2017-08-22T00:00:00Z,5730750.74,NP,NP-P6
2017-09-22T00:00:00Z,5742383.55,NP,NP-P6
2017-10-22T00:00:00Z,5750041.23,NP,NP-P6
2017-11-22T00:00:00Z,5792039.66,NP,NP-P6
2017-12-22T00:00:00Z,5845562.97,NP,NP-P6
2018-01-22T00:00:00Z,5871909.51,NP,NP-P6
2018-02-22T00:00:00Z,6603374.74,NP,NP-P6
2018-03-22T00:00:00Z,9477628.49,NP,NP-P6
2018-04-22T00:00:00Z,9763220.9,NP,NP-P6
2018-05-22T00:00:00Z,10047690.4,NP,NP-P6
2018-06-22T00:00:00Z,10139338.6,NP,NP-P6
2018-07-22T00:00:00Z,10133191.48,NP,NP-P6
2018-08-22T00:00:00Z,10137183.07,NP,NP-P6
2018-09-22T00:00:00Z,10415176.13,NP,NP-P6
2018-10-22T00:00:00Z,10387837.68,NP,NP-P6
2018-11-22T00:00:00Z,10827735.95,NP,NP-P6
2018-12-22T00:00:00Z,11095061.31,NP,NP-P6
2019-01-22T00:00:00Z,11100260.87,NP,NP-P6
2019-02-22T00:00:00Z,11106247.77,NP,NP-P6
2019-03-22T00:00:00Z,11174166.31,NP,NP-P6
2019-04-22T00:00:00Z,11174504.57,NP,NP-P6
2019-05-22T00:00:00Z,11165993.19,NP,NP-P6
2019-06-22T00:00:00Z,11203234.81,NP,NP-P6
2019-07-22T00:00:00Z,11253351.17,NP,NP-P6
2019-08-22T00:00:00Z,11418475.78,NP,NP-P6
2019-09-22T00:00:00Z,11491123.11,NP,NP-P6
2019-10-22T00:00:00Z,11522750.31,NP,NP-P6
2019-11-22T00:00:00Z,11573294.45,NP,NP-P6
2019-12-22T00:00:00Z,11722593.53,NP,NP-P6
2020-01-22T00:00:00Z,11769932.88,NP,NP-P6
2020-02-22T00:00:00Z,12879299.44,NP,NP-P6
2020-03-22T00:00:00Z,13740101.11,NP,NP-P6
2020-04-22T00:00:00Z,14200950.06,NP,NP-P6
2020-05-22T00:00:00Z,14206867.45,NP,NP-P6
2020-06-22T00:00:00Z,14319223.54,NP,NP-P6
2020-07-22T00:00:00Z,14322615.17,NP,NP-P6
2020-08-22T00:00:00Z,14357277.44,NP,NP-P6
2020-09-22T00:00:00Z,14731185.67,NP,NP-P6
2020-10-22T00:00:00Z,15701811.27,NP,NP-P6
2020-11-22T00:00:00Z,16231285.35,NP,NP-P6
2020-12-22T00:00:00Z,16700048.11,NP,NP-P6
2021-01-22T00:00:00Z,16972713.85,NP,NP-P6
2021-02-22T00:00:00Z,17141294.01,NP,NP-P6
2021-03-22T00:00:00Z,17335784.98,NP,NP-P6
2021-04-22T00:00:00Z,17525592.03,NP,NP-P6
2021-05-22T00:00:00Z,18101403.16,NP,NP-P6
2021-06-22T00:00:00Z,19307203.35,NP,NP-P6
2021-07-22T00:00:00Z,19743342.13,NP,NP-P6
2021-08-22T00:00:00Z,19833846.18,NP,NP-P6
2021-09-22T00:00:00Z,19845580.7,NP,NP-P6
2021-10-22T00:00:00Z,19846770.19,NP,NP-P6
2021-11-22T00:00:00Z,20045368.83,NP,NP-P6
2021-12-22T00:00:00Z,20154914.65,NP,NP-P6
2022-01-22T00:00:00Z,20235699.89,NP,NP-P6
2022-02-22T00:00:00Z,20332147.8,NP,NP-P6
2022-03-22T00:00:00Z,20400973.94,NP,NP-P6
2022-04-22T00:00:00Z,20400006.8,NP,NP-P6
2022-05-22T00:00:00Z,20461832.46,NP,NP-P6
2022-06-22T00:00:00Z,20474000.32,NP,NP-P6
2022-07-22T00:00:00Z,20863458.62,NP,NP-P6
2022-08-22T00:00:00Z,20879548.24,NP,NP-P6
2022-09-22T00:00:00Z,20929429.99,NP,NP-P6
2022-10-22T00:00:00Z,21230542.61,NP,NP-P6
2022-11-22T00:00:00Z,21359388.06,NP,NP-P6
2022-12-22T00:00:00Z,21457045.98,NP,NP-P6
2023-01-22T00:00:00Z,21532543.44,NP,NP-P6
2023-02-22T00:00:00Z,21867563.92,NP,NP-P6
2023-03-22T00:00:00Z,22011958.45,NP,NP-P6
2023-04-22T00:00:00Z,22605078.16,NP,NP-P6
2023-05-22T00:00:00Z,23829391.39,NP,NP-P6
2023-06-22T00:00:00Z,24185681.64,NP,NP-P6
2023-07-22T00:00:00Z,24231076.15,NP,NP-P6
2023-08-22T00:00:00Z,24342871.13,NP,NP-P6
2023-09-22T00:00:00Z,24398478.55,NP,NP-P6
2023-10-22T00:00:00Z,24436784.22,NP,NP-P6
2023-11-22T00:00:00Z,25026979.63,NP,NP-P6
2023-12-22T00:00:00Z,25738066.08,NP,NP-P6
2024-01-22T00:00:00Z,25929389.66,NP,NP-P6
2024-02-22T00:00:00Z,25934895.56,NP,NP-P6
2024-03-22T00:00:00Z,25935295.91,NP,NP-P6
2024-04-22T00:00:00Z,26104755.62,NP,NP-P6
2024-05-22T00:00:00Z,25958506.12,NP,NP-P6
2024-06-22T00:00:00Z,25700408.53,NP,NP-P6
2024-07-22T00:00:00Z,25701025.38,NP,NP-P6
2024-08-22T00:00:00Z,25852883.25,NP,NP-P6
2024-09-22T00:00:00Z,25877567.18,NP,NP-P6
2024-10-22T00:00:00Z,25883783.53,NP,NP-P6
2024-11-22T00:00:00Z,25950599.99,NP,NP-P6
2024-12-22T00:00:00Z,25958699.64,NP,NP-P6
2025-01-22T00:00:00Z,25946258.86,NP,NP-P6
2025-02-22T00:00:00Z,25945521.54,NP,NP-P6
2025-03-22T00:00:00Z,26010086.54,NP,NP-P6
2025-04-22T00:00:00Z,26097782.09,NP,NP-P6
2025-05-22T00:00:00Z,26101578.62,NP,NP-P6
2025-06-22T00:00:00Z,26097331.48,NP,NP-P6
2025-07-22T00:00:00Z,26114084.28,NP,NP-P6
2025-08-22T00:00:00Z,26154847.4,NP,NP-P6
2025-09-22T00:00:00Z,26083514.84,NP,NP-P6
2025-10-22T00:00:00Z,26130038.25,NP,NP-P6
2008-01-22T00:00:00Z,0.0,NP,NP-P5
2008-02-22T00:00:00Z,0.0,NP,NP-P5
2008-03-22T00:00:00Z,0.0,NP,NP-P5
2008-04-22T00:00:00Z,0.0,NP,NP-P5
2008-05-22T00:00:00Z,0.0,NP,NP-P5
2008-06-22T00:00:00Z,0.0,NP,NP-P5
2008-07-22T00:00:00Z,0.0,NP,NP-P5
2008-08-22T00:00:00Z,0.0,NP,NP-P5
2008-09-22T00:00:00Z,0.0,NP,NP-P5
2008-10-22T00:00:00Z,0.0,NP,NP-P5
2008-11-22T00:00:00Z,0.0,NP,NP-P5
2008-12-22T00:00:00Z,0.0,NP,NP-P5
2009-01-22T00:00:00Z,0.0,NP,NP-P5
2009-02-22T00:00:00Z,0.0,NP,NP-P5
2009-03-22T00:00:00Z,0.0,NP,NP-P5
2009-04-22T00:00:00Z,0.0,NP,NP-P5
2009-05-22T00:00:00Z,0.0,NP,NP-P5
2009-06-22T00:00:00Z,0.0,NP,NP-P5
2009-07-22T00:00:00Z,0.0,NP,NP-P5
2009-08-22T00:00:00Z,0.0,NP,NP-P5
2009-09-22T00:00:00Z,0.0,NP,NP-P5
2009-10-22T00:00:00Z,0.0,NP,NP-P5
2009-11-22T00:00:00Z,0.0,NP,NP-P5
2009-12-22T00:00:00Z,0.0,NP,NP-P5
2010-01-22T00:00:00Z,0.0,NP,NP-P5
2010-02-22T00:00:00Z,0.0,NP,NP-P5
2010-03-22T00:00:00Z,0.0,NP,NP-P5
2010-04-22T00:00:00Z,0.0,NP,NP-P5
2010-05-22T00:00:00Z,0.0,NP,NP-P5
2010-06-22T00:00:00Z,0.0,NP,NP-P5
2010-07-22T00:00:00Z,0.0,NP,NP-P5
2010-08-22T00:00:00Z,0.0,NP,NP-P5
2010-09-22T00:00:00Z,0.0,NP,NP-P5
2010-10-22T00:00:00Z,0.0,NP,NP-P5
2010-11-22T00:00:00Z,0.0,NP,NP-P5
2010-12-22T00:00:00Z,0.0,NP,NP-P5
2011-01-22T00:00:00Z,0.0,NP,NP-P5
2011-02-22T00:00:00Z,0.0,NP,NP-P5
2011-03-22T00:00:00Z,0.0,NP,NP-P5
2011-04-22T00:00:00Z,0.0,NP,NP-P5
2011-05-22T00:00:00Z,0.0,NP,NP-P5
2011-06-22T00:00:00Z,0.0,NP,NP-P5
2011-07-22T00:00:00Z,0.0,NP,NP-P5
2011-08-22T00:00:00Z,0.0,NP,NP-P5
2011-09-22T00:00:00Z,0.0,NP,NP-P5
2011-10-22T00:00:00Z,0.0,NP,NP-P5
2011-11-22T00:00:00Z,0.0,NP,NP-P5
2011-12-22T00:00:00Z,0.0,NP,NP-P5
2012-01-22T00:00:00Z,0.0,NP,NP-P5
2012-02-22T00:00:00Z,0.0,NP,NP-P5
2012-03-22T00:00:00Z,0.0,NP,NP-P5
2012-04-22T00:00:00Z,0.0,NP,NP-P5
2012-05-22T00:00:00Z,0.0,NP,NP-P5
2012-06-22T00:00:00Z,0.0,NP,NP-P5
2012-07-22T00:00:00Z,0.0,NP,NP-P5
2012-08-22T00:00:00Z,0.0,NP,NP-P5
2012-09-22T00:00:00Z,0.0,NP,NP-P5
2012-10-22T00:00:00Z,0.0,NP,NP-P5
2012-11-22T00:00:00Z,0.0,NP,NP-P5
2012-12-22T00:00:00Z,0.0,NP,NP-P5
2013-01-22T00:00:00Z,0.0,NP,NP-P5
2013-02-22T00:00:00Z,0.0,NP,NP-P5
2013-03-22T00:00:00Z,0.0,NP,NP-P5
2013-04-22T00:00:00Z,2906.52,NP,NP-P5
2013-05-22T00:00:00Z,3406.91,NP,NP-P5
2013-06-22T00:00:00Z,5245.27,NP,NP-P5
2013-07-22T00:00:00Z,6431.0,NP,NP-P5
2013-08-22T00:00:00Z,6431.0,NP,NP-P5
2013-09-22T00:00:00Z,11880.82,NP,NP-P5
2013-10-22T00:00:00Z,19451.56,NP,NP-P5
2013-11-22T00:00:00Z,19449.51,NP,NP-P5
2013-12-22T00:00:00Z,19449.51,NP,NP-P5
2014-01-22T00:00:00Z,20490.74,NP,NP-P5
2014-02-22T00:00:00Z,33630.78,NP,NP-P5
2014-03-22T00:00:00Z,33630.78,NP,NP-P5
2014-04-22T00:00:00Z,33630.78,NP,NP-P5
2014-05-22T00:00:00Z,33927.09,NP,NP-P5
2014-06-22T00:00:00Z,70165.04,NP,NP-P5
2014-07-22T00:00:00Z,66963.91,NP,NP-P5
2014-08-22T00:00:00Z,66963.91,NP,NP-P5
2014-09-22T00:00:00Z,161298.76,NP,NP-P5
2014-10-22T00:00:00Z,161934.85,NP,NP-P5
2014-11-22T00:00:00Z,163681.76,NP,NP-P5
2014-12-22T00:00:00Z,165050.33,NP,NP-P5
2015-01-22T00:00:00Z,165050.33,NP,NP-P5
2015-02-22T00:00:00Z,208246.35,NP,NP-P5
2015-03-22T00:00:00Z,251847.81,NP,NP-P5
2015-04-22T00:00:00Z,264906.65,NP,NP-P5
2015-05-22T00:00:00Z,4551680.14,NP,NP-P5
2015-06-22T00:00:00Z,7627310.33,NP,NP-P5
2015-07-22T00:00:00Z,8600208.28,NP,NP-P5
2015-08-22T00:00:00Z,9980850.47,NP,NP-P5
2015-09-22T00:00:00Z,11252545.47,NP,NP-P5
2015-10-22T00:00:00Z,11810542.43,NP,NP-P5
2015-11-22T00:00:00Z,12203118.04,NP,NP-P5
2015-12-22T00:00:00Z,12451071.06,NP,NP-P5
2016-01-22T00:00:00Z,13047505.26,NP,NP-P5
2016-02-22T00:00:00Z,14309207.69,NP,NP-P5
2016-03-22T00:00:00Z,13895235.67,NP,NP-P5
2016-04-22T00:00:00Z,14053180.2,NP,NP-P5
2016-05-22T00:00:00Z,14063124.21,NP,NP-P5
2016-06-22T00:00:00Z,14084265.84,NP,NP-P5
2016-07-22T00:00:00Z,14015769.04,NP,NP-P5
2016-08-22T00:00:00Z,14059853.68,NP,NP-P5
2016-09-22T00:00:00Z,14337107.77,NP,NP-P5
2016-10-22T00:00:00Z,14361179.54,NP,NP-P5
2016-11-22T00:00:00Z,14619081.78,NP,NP-P5
2016-12-22T00:00:00Z,14554799.6,NP,NP-P5
2017-01-22T00:00:00Z,14556024.1,NP,NP-P5
2017-02-22T00:00:00Z,14590924.55,NP,NP-P5
2017-03-22T00:00:00Z,16081651.89,NP,NP-P5
2017-04-22T00:00:00Z,16690863.74,NP,NP-P5
2017-05-22T00:00:00Z,16954293.35,NP,NP-P5
2017-06-22T00:00:00Z,17220500.34,NP,NP-P5
2017-07-22T00:00:00Z,18173460.76,NP,NP-P5
2017-08-22T00:00:00Z,18221427.52,NP,NP-P5
2017-09-22T00:00:00Z,19829015.52,NP,NP-P5
2017-10-22T00:00:00Z,19946661.81,NP,NP-P5
2017-11-22T00:00:00Z,19983044.74,NP,NP-P5
2017-12-22T00:00:00Z,20002844.13,NP,NP-P5
2018-01-22T00:00:00Z,20430688.68,NP,NP-P5
2018-02-22T00:00:00Z,23907189.69,NP,NP-P5
2018-03-22T00:00:00Z,25881820.96,NP,NP-P5
2018-04-22T00:00:00Z,27085594.85,NP,NP-P5
2018-05-22T00:00:00Z,31083707.45,NP,NP-P5
2018-06-22T00:00:00Z,31695505.02,NP,NP-P5
2018-07-22T00:00:00Z,32523804.82,NP,NP-P5
2018-08-22T00:00:00Z,32970635.04,NP,NP-P5
2018-09-22T00:00:00Z,33168845.55,NP,NP-P5
2018-10-22T00:00:00Z,34209353.82,NP,NP-P5
2018-11-22T00:00:00Z,34254308.86,NP,NP-P5
2018-12-22T00:00:00Z,34692175.05,NP,NP-P5
2019-01-22T00:00:00Z,35262217.56,NP,NP-P5
2019-02-22T00:00:00Z,35523117.92,NP,NP-P5
2019-03-22T00:00:00Z,35665749.74,NP,NP-P5
2019-04-22T00:00:00Z,35725758.12,NP,NP-P5
2019-05-22T00:00:00Z,35836771.62,NP,NP-P5
2019-06-22T00:00:00Z,36034093.91,NP,NP-P5
2019-07-22T00:00:00Z,36269658.5,NP,NP-P5
2019-08-22T00:00:00Z,36408827.32,NP,NP-P5
2019-09-22T00:00:00Z,36728232.71,NP,NP-P5
2019-10-22T00:00:00Z,36950367.46,NP,NP-P5
2019-11-22T00:00:00Z,37027800.05,NP,NP-P5
2019-12-22T00:00:00Z,37545553.68,NP,NP-P5
2020-01-22T00:00:00Z,37656582.37,NP,NP-P5
2020-02-22T00:00:00Z,38432405.14,NP,NP-P5
2020-03-22T00:00:00Z,39574660.11,NP,NP-P5
2020-04-22T00:00:00Z,40179785.3,NP,NP-P5
2020-05-22T00:00:00Z,42779696.09,NP,NP-P5
2020-06-22T00:00:00Z,43692674.42,NP,NP-P5
2020-07-22T00:00:00Z,44029977.82,NP,NP-P5
2020-08-22T00:00:00Z,44212809.88,NP,NP-P5
2020-09-22T00:00:00Z,45110355.2,NP,NP-P5
2020-10-22T00:00:00Z,45245980.51,NP,NP-P5
2020-11-22T00:00:00Z,45622026.33,NP,NP-P5
2020-12-22T00:00:00Z,45878919.71,NP,NP-P5
2021-01-22T00:00:00Z,46212959.06,NP,NP-P5
2021-02-22T00:00:00Z,47224867.83,NP,NP-P5
2021-03-22T00:00:00Z,47410000.39,NP,NP-P5
2021-04-22T00:00:00Z,47741946.03,NP,NP-P5
2021-05-22T00:00:00Z,48970438.96,NP,NP-P5
2021-06-22T00:00:00Z,49555616.49,NP,NP-P5
2021-07-22T00:00:00Z,49825466.52,NP,NP-P5
2021-08-22T00:00:00Z,52363715.15,NP,NP-P5
2021-09-22T00:00:00Z,55595105.53,NP,NP-P5
2021-10-22T00:00:00Z,55890105.51,NP,NP-P5
2021-11-22T00:00:00Z,56078946.11,NP,NP-P5
2021-12-22T00:00:00Z,58508235.38,NP,NP-P5
2022-01-22T00:00:00Z,59140799.38,NP,NP-P5
2022-02-22T00:00:00Z,60541110.67,NP,NP-P5
2022-03-22T00:00:00Z,60814894.23,NP,NP-P5
2022-04-22T00:00:00Z,61013049.96,NP,NP-P5
2022-05-22T00:00:00Z,61406203.76,NP,NP-P5
2022-06-22T00:00:00Z,61636016.31,NP,NP-P5
2022-07-22T00:00:00Z,62277551.1,NP,NP-P5
2022-08-22T00:00:00Z,62499802.7,NP,NP-P5
2022-09-22T00:00:00Z,62847905.81,NP,NP-P5
2022-10-22T00:00:00Z,62995060.28,NP,NP-P5
2022-11-22T00:00:00Z,63782231.1,NP,NP-P5
2022-12-22T00:00:00Z,65260599.86,NP,NP-P5
2023-01-22T00:00:00Z,66689971.85,NP,NP-P5
2023-02-22T00:00:00Z,69280315.8,NP,NP-P5
2023-03-22T00:00:00Z,70426511.72,NP,NP-P5
2023-04-22T00:00:00Z,70843550.59,NP,NP-P5
2023-05-22T00:00:00Z,71220033.86,NP,NP-P5
2023-06-22T00:00:00Z,72451293.81,NP,NP-P5
2023-07-22T00:00:00Z,72787649.24,NP,NP-P5
2023-08-22T00:00:00Z,72906100.38,NP,NP-P5
2023-09-22T00:00:00Z,72958728.36,NP,NP-P5
2023-10-22T00:00:00Z,73004729.51,NP,NP-P5
2023-11-22T00:00:00Z,72914656.59,NP,NP-P5
2023-12-22T00:00:00Z,73123004.29,NP,NP-P5
2024-01-22T00:00:00Z,73360257.06,NP,NP-P5
2024-02-22T00:00:00Z,73486342.01,NP,NP-P5
2024-03-22T00:00:00Z,73584479.89,NP,NP-P5
2024-04-22T00:00:00Z,74800031.12,NP,NP-P5
2024-05-22T00:00:00Z,77079852.63,NP,NP-P5
2024-06-22T00:00:00Z,78759645.47,NP,NP-P5
2024-07-22T00:00:00Z,79145155.73,NP,NP-P5
2024-08-22T00:00:00Z,79190732.27,NP,NP-P5
2024-09-22T00:00:00Z,79361038.74,NP,NP-P5
2024-10-22T00:00:00Z,79552465.79,NP,NP-P5
2024-11-22T00:00:00Z,79561051.04,NP,NP-P5
2024-12-22T00:00:00Z,79632201.46,NP,NP-P5
2025-01-22T00:00:00Z,79696073.25,NP,NP-P5
2025-02-22T00:00:00Z,79746095.06,NP,NP-P5
2025-03-22T00:00:00Z,79749854.0,NP,NP-P5
2025-04-22T00:00:00Z,79863940.22,NP,NP-P5
2025-05-22T00:00:00Z,79941087.24,NP,NP-P5
2025-06-22T00:00:00Z,80403121.13,NP,NP-P5
2025-07-22T00:00:00Z,80428809.18,NP,NP-P5
2025-08-22T00:00:00Z,80439956.96,NP,NP-P5
2025-09-22T00:00:00Z,80474886.0,NP,NP-P5
2025-10-22T00:00:00Z,80520523.97,NP,NP-P5
2008-01-22T00:00:00Z,0.0,NP,NP-P4
2008-02-22T00:00:00Z,0.0,NP,NP-P4
2008-03-22T00:00:00Z,0.0,NP,NP-P4
2008-04-22T00:00:00Z,0.0,NP,NP-P4
2008-05-22T00:00:00Z,0.0,NP,NP-P4
2008-06-22T00:00:00Z,0.0,NP,NP-P4
2008-07-22T00:00:00Z,0.0,NP,NP-P4
2008-08-22T00:00:00Z,0.0,NP,NP-P4
2008-09-22T00:00:00Z,0.0,NP,NP-P4
2008-10-22T00:00:00Z,0.0,NP,NP-P4
2008-11-22T00:00:00Z,0.0,NP,NP-P4
2008-12-22T00:00:00Z,0.0,NP,NP-P4
2009-01-22T00:00:00Z,0.0,NP,NP-P4
2009-02-22T00:00:00Z,0.0,NP,NP-P4
2009-03-22T00:00:00Z,0.0,NP,NP-P4
2009-04-22T00:00:00Z,0.0,NP,NP-P4
2009-05-22T00:00:00Z,0.0,NP,NP-P4
2009-06-22T00:00:00Z,0.0,NP,NP-P4
2009-07-22T00:00:00Z,0.0,NP,NP-P4
2009-08-22T00:00:00Z,0.0,NP,NP-P4
2009-09-22T00:00:00Z,0.0,NP,NP-P4
2009-10-22T00:00:00Z,0.0,NP,NP-P4
2009-11-22T00:00:00Z,0.0,NP,NP-P4
2009-12-22T00:00:00Z,0.0,NP,NP-P4
2010-01-22T00:00:00Z,0.0,NP,NP-P4
2010-02-22T00:00:00Z,0.0,NP,NP-P4
2010-03-22T00:00:00Z,0.0,NP,NP-P4
2010-04-22T00:00:00Z,0.0,NP,NP-P4
2010-05-22T00:00:00Z,0.0,NP,NP-P4
2010-06-22T00:00:00Z,0.0,NP,NP-P4
2010-07-22T00:00:00Z,0.0,NP,NP-P4
2010-08-22T00:00:00Z,367.81,NP,NP-P4
2010-09-22T00:00:00Z,367.81,NP,NP-P4
2010-10-22T00:00:00Z,367.81,NP,NP-P4
2010-11-22T00:00:00Z,1275.77,NP,NP-P4
2010-12-22T00:00:00Z,3738.67,NP,NP-P4
2011-01-22T00:00:00Z,3811.32,NP,NP-P4
2011-02-22T00:00:00Z,3811.32,NP,NP-P4
2011-03-22T00:00:00Z,3811.32,NP,NP-P4
2011-04-22T00:00:00Z,3811.32,NP,NP-P4
2011-05-22T00:00:00Z,3811.32,NP,NP-P4
2011-06-22T00:00:00Z,3811.32,NP,NP-P4
2011-07-22T00:00:00Z,60922.23,NP,NP-P4
2011-08-22T00:00:00Z,64495.14,NP,NP-P4
2011-09-22T00:00:00Z,73107.67,NP,NP-P4
2011-10-22T00:00:00Z,73107.67,NP,NP-P4
2011-11-22T00:00:00Z,73480.65,NP,NP-P4
2011-12-22T00:00:00Z,75039.07,NP,NP-P4
2012-01-22T00:00:00Z,75039.07,NP,NP-P4
2012-02-22T00:00:00Z,75039.07,NP,NP-P4
2012-03-22T00:00:00Z,83325.91,NP,NP-P4
2012-04-22T00:00:00Z,84490.79,NP,NP-P4
2012-05-22T00:00:00Z,84490.79,NP,NP-P4
2012-06-22T00:00:00Z,84514.82,NP,NP-P4
2012-07-22T00:00:00Z,84514.82,NP,NP-P4
2012-08-22T00:00:00Z,84514.82,NP,NP-P4
2012-09-22T00:00:00Z,84514.82,NP,NP-P4
2012-10-22T00:00:00Z,286005.0,NP,NP-P4
2012-11-22T00:00:00Z,283781.15,NP,NP-P4
2012-12-22T00:00:00Z,283781.15,NP,NP-P4
2013-01-22T00:00:00Z,283944.75,NP,NP-P4
2013-02-22T00:00:00Z,127685.7,NP,NP-P4
2013-03-22T00:00:00Z,127685.7,NP,NP-P4
2013-04-22T00:00:00Z,168369.99,NP,NP-P4
2013-05-22T00:00:00Z,4756019.88,NP,NP-P4
2013-06-22T00:00:00Z,4756019.88,NP,NP-P4
2013-07-22T00:00:00Z,4963010.16,NP,NP-P4
2013-08-22T00:00:00Z,5036491.57,NP,NP-P4
2013-09-22T00:00:00Z,5222804.31,NP,NP-P4
2013-10-22T00:00:00Z,608178.7,NP,NP-P4
2013-11-22T00:00:00Z,662993.32,NP,NP-P4
2013-12-22T00:00:00Z,662437.91,NP,NP-P4
2014-01-22T00:00:00Z,657943.08,NP,NP-P4
2014-02-22T00:00:00Z,673474.22,NP,NP-P4
2014-03-22T00:00:00Z,678665.18,NP,NP-P4
2014-04-22T00:00:00Z,714327.51,NP,NP-P4
2014-05-22T00:00:00Z,702794.92,NP,NP-P4
2014-06-22T00:00:00Z,703895.14,NP,NP-P4
2014-07-22T00:00:00Z,704593.17,NP,NP-P4
2014-08-22T00:00:00Z,633800.91,NP,NP-P4
2014-09-22T00:00:00Z,718099.65,NP,NP-P4
2014-10-22T00:00:00Z,762048.33,NP,NP-P4
2014-11-22T00:00:00Z,779939.1,NP,NP-P4
2014-12-22T00:00:00Z,780486.06,NP,NP-P4
2015-01-22T00:00:00Z,783403.09,NP,NP-P4
2015-02-22T00:00:00Z,808505.89,NP,NP-P4
2015-03-22T00:00:00Z,975415.48,NP,NP-P4
2015-04-22T00:00:00Z,1020505.93,NP,NP-P4
2015-05-22T00:00:00Z,16693475.82,NP,NP-P4
2015-06-22T00:00:00Z,21652206.59,NP,NP-P4
2015-07-22T00:00:00Z,23057045.32,NP,NP-P4
2015-08-22T00:00:00Z,23332291.03,NP,NP-P4
2015-09-22T00:00:00Z,23502862.99,NP,NP-P4
2015-10-22T00:00:00Z,23594021.93,NP,NP-P4
2015-11-22T00:00:00Z,23953038.42,NP,NP-P4
2015-12-22T00:00:00Z,23978469.12,NP,NP-P4
2016-01-22T00:00:00Z,24034156.83,NP,NP-P4
2016-02-22T00:00:00Z,24145190.4,NP,NP-P4
2016-03-22T00:00:00Z,24512701.04,NP,NP-P4
2016-04-22T00:00:00Z,25524263.63,NP,NP-P4
2016-05-22T00:00:00Z,28291488.67,NP,NP-P4
2016-06-22T00:00:00Z,31473464.05,NP,NP-P4
2016-07-22T00:00:00Z,31788228.71,NP,NP-P4
2016-08-22T00:00:00Z,31942080.52,NP,NP-P4
2016-09-22T00:00:00Z,32418105.53,NP,NP-P4
2016-10-22T00:00:00Z,32470143.85,NP,NP-P4
2016-11-22T00:00:00Z,32849617.76,NP,NP-P4
2016-12-22T00:00:00Z,33465460.95,NP,NP-P4
2017-01-22T00:00:00Z,33691668.34,NP,NP-P4
2017-02-22T00:00:00Z,34061982.94,NP,NP-P4
2017-03-22T00:00:00Z,34125676.59,NP,NP-P4
2017-04-22T00:00:00Z,35261668.06,NP,NP-P4
2017-05-22T00:00:00Z,35527829.69,NP,NP-P4
2017-06-22T00:00:00Z,35618141.54,NP,NP-P4
2017-07-22T00:00:00Z,35799241.32,NP,NP-P4
2017-08-22T00:00:00Z,35813278.1,NP,NP-P4
2017-09-22T00:00:00Z,36334458.25,NP,NP-P4
2017-10-22T00:00:00Z,36391495.52,NP,NP-P4
2017-11-22T00:00:00Z,36393747.93,NP,NP-P4
2017-12-22T00:00:00Z,36755611.87,NP,NP-P4
2018-01-22T00:00:00Z,36757491.92,NP,NP-P4
2018-02-22T00:00:00Z,37045652.12,NP,NP-P4
2018-03-22T00:00:00Z,37093811.4,NP,NP-P4
2018-04-22T00:00:00Z,37154047.5,NP,NP-P4
2018-05-22T00:00:00Z,37284514.52,NP,NP-P4
2018-06-22T00:00:00Z,37299007.19,NP,NP-P4
2018-07-22T00:00:00Z,37299467.43,NP,NP-P4
2018-08-22T00:00:00Z,37332869.23,NP,NP-P4
2018-09-22T00:00:00Z,37342113.0,NP,NP-P4
2018-10-22T00:00:00Z,37390247.87,NP,NP-P4
2018-11-22T00:00:00Z,37628283.7,NP,NP-P4
2018-12-22T00:00:00Z,37706515.52,NP,NP-P4
2019-01-22T00:00:00Z,37707877.7,NP,NP-P4
2019-02-22T00:00:00Z,37712857.57,NP,NP-P4
2019-03-22T00:00:00Z,37731855.28,NP,NP-P4
2019-04-22T00:00:00Z,37731198.45,NP,NP-P4
2019-05-22T00:00:00Z,37724681.69,NP,NP-P4
2019-06-22T00:00:00Z,37753245.95,NP,NP-P4
2019-07-22T00:00:00Z,37752682.76,NP,NP-P4
2019-08-22T00:00:00Z,37800659.62,NP,NP-P4
2019-09-22T00:00:00Z,37925400.29,NP,NP-P4
2019-10-22T00:00:00Z,37937336.98,NP,NP-P4
2019-11-22T00:00:00Z,38136184.98,NP,NP-P4
2019-12-22T00:00:00Z,38265997.27,NP,NP-P4
2020-01-22T00:00:00Z,38382306.62,NP,NP-P4
2020-02-22T00:00:00Z,38409572.06,NP,NP-P4
2020-03-22T00:00:00Z,38439211.06,NP,NP-P4
2020-04-22T00:00:00Z,38457956.86,NP,NP-P4
2020-05-22T00:00:00Z,38497182.16,NP,NP-P4
2020-06-22T00:00:00Z,38513599.52,NP,NP-P4
2020-07-22T00:00:00Z,38530270.34,NP,NP-P4
2020-08-22T00:00:00Z,38650400.84,NP,NP-P4
2020-09-22T00:00:00Z,38669252.08,NP,NP-P4
2020-10-22T00:00:00Z,38710340.44,NP,NP-P4
2020-11-22T00:00:00Z,38755354.55,NP,NP-P4
2020-12-22T00:00:00Z,39030258.3,NP,NP-P4
2021-01-22T00:00:00Z,39390864.41,NP,NP-P4
2021-02-22T00:00:00Z,40120032.24,NP,NP-P4
2021-03-22T00:00:00Z,40217345.52,NP,NP-P4
2021-04-22T00:00:00Z,40441423.74,NP,NP-P4
2021-05-22T00:00:00Z,41286933.58,NP,NP-P4
2021-06-22T00:00:00Z,47193289.66,NP,NP-P4
2021-07-22T00:00:00Z,42408522.31,NP,NP-P4
2021-08-22T00:00:00Z,42584684.35,NP,NP-P4
2021-09-22T00:00:00Z,42812545.63,NP,NP-P4
2021-10-22T00:00:00Z,42936522.97,NP,NP-P4
2021-11-22T00:00:00Z,43223229.2,NP,NP-P4
2021-12-22T00:00:00Z,43855585.55,NP,NP-P4
2022-01-22T00:00:00Z,44040565.02,NP,NP-P4
2022-02-22T00:00:00Z,44613092.11,NP,NP-P4
2022-03-22T00:00:00Z,45038163.45,NP,NP-P4
2022-04-22T00:00:00Z,45422341.64,NP,NP-P4
2022-05-22T00:00:00Z,45549172.25,NP,NP-P4
2022-06-22T00:00:00Z,45640722.95,NP,NP-P4
2022-07-22T00:00:00Z,46122492.32,NP,NP-P4
2022-08-22T00:00:00Z,46177659.06,NP,NP-P4
2022-09-22T00:00:00Z,46292017.09,NP,NP-P4
2022-10-22T00:00:00Z,46423266.57,NP,NP-P4
2022-11-22T00:00:00Z,46491614.69,NP,NP-P4
2022-12-22T00:00:00Z,46707100.0,NP,NP-P4
2023-01-22T00:00:00Z,46795005.39,NP,NP-P4
2023-02-22T00:00:00Z,46862751.75,NP,NP-P4
2023-03-22T00:00:00Z,47011036.95,NP,NP-P4
2023-04-22T00:00:00Z,47061890.25,NP,NP-P4
2023-05-22T00:00:00Z,47436765.76,NP,NP-P4
2023-06-22T00:00:00Z,47540670.91,NP,NP-P4
2023-07-22T00:00:00Z,47613887.46,NP,NP-P4
2023-08-22T00:00:00Z,47634949.66,NP,NP-P4
2023-09-22T00:00:00Z,47745625.69,NP,NP-P4
2023-10-22T00:00:00Z,47795043.69,NP,NP-P4
2023-11-22T00:00:00Z,47817377.25,NP,NP-P4
2023-12-22T00:00:00Z,47996716.74,NP,NP-P4
2024-01-22T00:00:00Z,48063161.03,NP,NP-P4
2024-02-22T00:00:00Z,48113556.51,NP,NP-P4
2024-03-22T00:00:00Z,48193570.23,NP,NP-P4
2024-04-22T00:00:00Z,48266467.37,NP,NP-P4
2024-05-22T00:00:00Z,48318981.34,NP,NP-P4
2024-06-22T00:00:00Z,48369298.29,NP,NP-P4
2024-07-22T00:00:00Z,48427708.74,NP,NP-P4
2024-08-22T00:00:00Z,48459205.8,NP,NP-P4
2024-09-22T00:00:00Z,48465645.13,NP,NP-P4
2024-10-22T00:00:00Z,48485727.78,NP,NP-P4
2024-11-22T00:00:00Z,48600061.81,NP,NP-P4
2024-12-22T00:00:00Z,48632323.01,NP,NP-P4
2025-01-22T00:00:00Z,48660663.16,NP,NP-P4
2025-02-22T00:00:00Z,48589447.31,NP,NP-P4
2025-03-22T00:00:00Z,48583830.76,NP,NP-P4
2025-04-22T00:00:00Z,48631745.81,NP,NP-P4
2025-05-22T00:00:00Z,48645401.78,NP,NP-P4
2025-06-22T00:00:00Z,48645740.87,NP,NP-P4
2025-07-22T00:00:00Z,48644970.26,NP,NP-P4
2025-08-22T00:00:00Z,48664116.46,NP,NP-P4
2025-09-22T00:00:00Z,48680973.45,NP,NP-P4
2025-10-22T00:00:00Z,48687913.97,NP,NP-P4
2008-01-22T00:00:00Z,0.0,NP,NP-P1
2008-02-22T00:00:00Z,0.0,NP,NP-P1
2008-03-22T00:00:00Z,0.0,NP,NP-P1
2008-04-22T00:00:00Z,0.0,NP,NP-P1
2008-05-22T00:00:00Z,0.0,NP,NP-P1
2008-06-22T00:00:00Z,0.0,NP,NP-P1
2008-07-22T00:00:00Z,0.0,NP,NP-P1
2008-08-22T00:00:00Z,0.0,NP,NP-P1
2008-09-22T00:00:00Z,0.0,NP,NP-P1
2008-10-22T00:00:00Z,0.0,NP,NP-P1
2008-11-22T00:00:00Z,0.0,NP,NP-P1
2008-12-22T00:00:00Z,0.0,NP,NP-P1
2009-01-22T00:00:00Z,0.0,NP,NP-P1
2009-02-22T00:00:00Z,0.0,NP,NP-P1
2009-03-22T00:00:00Z,0.0,NP,NP-P1
2009-04-22T00:00:00Z,0.0,NP,NP-P1
2009-05-22T00:00:00Z,0.0,NP,NP-P1
2009-06-22T00:00:00Z,0.0,NP,NP-P1
2009-07-22T00:00:00Z,0.0,NP,NP-P1
2009-08-22T00:00:00Z,0.0,NP,NP-P1
2009-09-22T00:00:00Z,0.0,NP,NP-P1
2009-10-22T00:00:00Z,0.0,NP,NP-P1
2009-11-22T00:00:00Z,0.0,NP,NP-P1
2009-12-22T00:00:00Z,2011.78,NP,NP-P1
2010-01-22T00:00:00Z,2011.78,NP,NP-P1
2010-02-22T00:00:00Z,2011.78,NP,NP-P1
2010-03-22T00:00:00Z,2011.78,NP,NP-P1
2010-04-22T00:00:00Z,2011.78,NP,NP-P1
2010-05-22T00:00:00Z,2011.78,NP,NP-P1
2010-06-22T00:00:00Z,2011.78,NP,NP-P1
2010-07-22T00:00:00Z,2011.78,NP,NP-P1
2010-08-22T00:00:00Z,2011.78,NP,NP-P1
2010-09-22T00:00:00Z,2011.78,NP,NP-P1
2010-10-22T00:00:00Z,2011.78,NP,NP-P1
2010-11-22T00:00:00Z,2011.78,NP,NP-P1
2010-12-22T00:00:00Z,2011.78,NP,NP-P1
2011-01-22T00:00:00Z,2011.78,NP,NP-P1
2011-02-22T00:00:00Z,2011.78,NP,NP-P1
2011-03-22T00:00:00Z,2011.78,NP,NP-P1
2011-04-22T00:00:00Z,2011.78,NP,NP-P1
2011-05-22T00:00:00Z,2011.78,NP,NP-P1
2011-06-22T00:00:00Z,2845.88,NP,NP-P1
2011-07-22T00:00:00Z,2845.88,NP,NP-P1
2011-08-22T00:00:00Z,2845.88,NP,NP-P1
2011-09-22T00:00:00Z,2970.6,NP,NP-P1
2011-10-22T00:00:00Z,2970.6,NP,NP-P1
2011-11-22T00:00:00Z,2970.6,NP,NP-P1
2011-12-22T00:00:00Z,2970.6,NP,NP-P1
2012-01-22T00:00:00Z,2970.6,NP,NP-P1
2012-02-22T00:00:00Z,2970.6,NP,NP-P1
2012-03-22T00:00:00Z,3012.96,NP,NP-P1
2012-04-22T00:00:00Z,3012.96,NP,NP-P1
2012-05-22T00:00:00Z,3012.96,NP,NP-P1
2012-06-22T00:00:00Z,3012.96,NP,NP-P1
2012-07-22T00:00:00Z,3425.96,NP,NP-P1
2012-08-22T00:00:00Z,3425.96,NP,NP-P1
2012-09-22T00:00:00Z,41779.31,NP,NP-P1
2012-10-22T00:00:00Z,41779.31,NP,NP-P1
2012-11-22T00:00:00Z,41779.31,NP,NP-P1
2012-12-22T00:00:00Z,41779.31,NP,NP-P1
2013-01-22T00:00:00Z,46921.56,NP,NP-P1
2013-02-22T00:00:00Z,65863.74,NP,NP-P1
2013-03-22T00:00:00Z,65863.74,NP,NP-P1
2013-04-22T00:00:00Z,73227.93,NP,NP-P1
2013-05-22T00:00:00Z,77812.37,NP,NP-P1
2013-06-22T00:00:00Z,77812.37,NP,NP-P1
2013-07-22T00:00:00Z,77812.37,NP,NP-P1
2013-08-22T00:00:00Z,96212.77,NP,NP-P1
2013-09-22T00:00:00Z,129980.26,NP,NP-P1
2013-10-22T00:00:00Z,133261.82,NP,NP-P1
2013-11-22T00:00:00Z,136365.85,NP,NP-P1
2013-12-22T00:00:00Z,185088.64,NP,NP-P1
2014-01-22T00:00:00Z,197131.43,NP,NP-P1
2014-02-22T00:00:00Z,198355.08,NP,NP-P1
2014-03-22T00:00:00Z,736751.58,NP,NP-P1
2014-04-22T00:00:00Z,737925.91,NP,NP-P1
2014-05-22T00:00:00Z,750480.29,NP,NP-P1
2014-06-22T00:00:00Z,774560.75,NP,NP-P1
2014-07-22T00:00:00Z,775600.12,NP,NP-P1
2014-08-22T00:00:00Z,785322.92,NP,NP-P1
2014-09-22T00:00:00Z,854294.69,NP,NP-P1
2014-10-22T00:00:00Z,925656.85,NP,NP-P1
2014-11-22T00:00:00Z,960577.01,NP,NP-P1
2014-12-22T00:00:00Z,1003861.56,NP,NP-P1
2015-01-22T00:00:00Z,1187507.5,NP,NP-P1
2015-02-22T00:00:00Z,1208330.79,NP,NP-P1
2015-03-22T00:00:00Z,1292929.08,NP,NP-P1
2015-04-22T00:00:00Z,1302239.51,NP,NP-P1
2015-05-22T00:00:00Z,4789426.24,NP,NP-P1
2015-06-22T00:00:00Z,5429523.7,NP,NP-P1
2015-07-22T00:00:00Z,5702644.27,NP,NP-P1
2015-08-22T00:00:00Z,6461793.21,NP,NP-P1
2015-09-22T00:00:00Z,6512257.18,NP,NP-P1
2015-10-22T00:00:00Z,8970231.98,NP,NP-P1
2015-11-22T00:00:00Z,9050283.11,NP,NP-P1
2015-12-22T00:00:00Z,9082650.24,NP,NP-P1
2016-01-22T00:00:00Z,6631887.3,NP,NP-P1
2016-02-22T00:00:00Z,6632038.62,NP,NP-P1
2016-03-22T00:00:00Z,6634168.87,NP,NP-P1
2016-04-22T00:00:00Z,6708650.52,NP,NP-P1
2016-05-22T00:00:00Z,6715506.88,NP,NP-P1
2016-06-22T00:00:00Z,6873168.11,NP,NP-P1
2016-07-22T00:00:00Z,6975312.03,NP,NP-P1
2016-08-22T00:00:00Z,7058996.49,NP,NP-P1
2016-09-22T00:00:00Z,7482376.67,NP,NP-P1
2016-10-22T00:00:00Z,7521793.07,NP,NP-P1
2016-11-22T00:00:00Z,7460341.22,NP,NP-P1
2016-12-22T00:00:00Z,7926250.02,NP,NP-P1
2017-01-22T00:00:00Z,8160331.29,NP,NP-P1
2017-02-22T00:00:00Z,8184944.67,NP,NP-P1
2017-03-22T00:00:00Z,8420136.47,NP,NP-P1
2017-04-22T00:00:00Z,8513997.45,NP,NP-P1
2017-05-22T00:00:00Z,8808339.77,NP,NP-P1
2017-06-22T00:00:00Z,9585862.92,NP,NP-P1
2017-07-22T00:00:00Z,10711643.72,NP,NP-P1
2017-08-22T00:00:00Z,24236202.16,NP,NP-P1
2017-09-22T00:00:00Z,53645375.72,NP,NP-P1
2017-10-22T00:00:00Z,57275699.88,NP,NP-P1
2017-11-22T00:00:00Z,60373036.1,NP,NP-P1
2017-12-22T00:00:00Z,60749669.69,NP,NP-P1
2018-01-22T00:00:00Z,60741177.51,NP,NP-P1
2018-02-22T00:00:00Z,60893141.51,NP,NP-P1
2018-03-22T00:00:00Z,60927571.09,NP,NP-P1
2018-04-22T00:00:00Z,60997101.75,NP,NP-P1
2018-05-22T00:00:00Z,61067579.84,NP,NP-P1
2018-06-22T00:00:00Z,61103128.72,NP,NP-P1
2018-07-22T00:00:00Z,61152481.27,NP,NP-P1
2018-08-22T00:00:00Z,60707796.08,NP,NP-P1
2018-09-22T00:00:00Z,60751686.94,NP,NP-P1
2018-10-22T00:00:00Z,60741652.75,NP,NP-P1
2018-11-22T00:00:00Z,60758507.96,NP,NP-P1
2018-12-22T00:00:00Z,60765504.94,NP,NP-P1
2019-01-22T00:00:00Z,60772603.11,NP,NP-P1
2019-02-22T00:00:00Z,60765506.12,NP,NP-P1
2019-03-22T00:00:00Z,60772546.28,NP,NP-P1
2019-04-22T00:00:00Z,60774782.27,NP,NP-P1
2019-05-22T00:00:00Z,60765848.02,NP,NP-P1
2019-06-22T00:00:00Z,60784406.61,NP,NP-P1
2019-07-22T00:00:00Z,60864584.55,NP,NP-P1
2019-08-22T00:00:00Z,61039364.64,NP,NP-P1
2019-09-22T00:00:00Z,61111766.5,NP,NP-P1
2019-10-22T00:00:00Z,61149052.57,NP,NP-P1
2019-11-22T00:00:00Z,61505961.08,NP,NP-P1
2019-12-22T00:00:00Z,61663353.89,NP,NP-P1
2020-01-22T00:00:00Z,61785638.64,NP,NP-P1
2020-02-22T00:00:00Z,61864577.73,NP,NP-P1
2020-03-22T00:00:00Z,62013803.08,NP,NP-P1
2020-04-22T00:00:00Z,62247257.47,NP,NP-P1
2020-05-22T00:00:00Z,62383916.33,NP,NP-P1
2020-06-22T00:00:00Z,62526925.58,NP,NP-P1
2020-07-22T00:00:00Z,62559341.66,NP,NP-P1
2020-08-22T00:00:00Z,62585858.29,NP,NP-P1
2020-09-22T00:00:00Z,62685668.26,NP,NP-P1
2020-10-22T00:00:00Z,62787049.85,NP,NP-P1
2020-11-22T00:00:00Z,62951888.29,NP,NP-P1
2020-12-22T00:00:00Z,63040521.3,NP,NP-P1
2021-01-22T00:00:00Z,63151779.86,NP,NP-P1
2021-02-22T00:00:00Z,63738285.9,NP,NP-P1
2021-03-22T00:00:00Z,64038760.78,NP,NP-P1
2021-04-22T00:00:00Z,64636862.34,NP,NP-P1
2021-05-22T00:00:00Z,65694506.11,NP,NP-P1
2021-06-22T00:00:00Z,68255972.45,NP,NP-P1
2021-07-22T00:00:00Z,71035694.0,NP,NP-P1
2021-08-22T00:00:00Z,71830824.61,NP,NP-P1
2021-09-22T00:00:00Z,72645531.02,NP,NP-P1
2021-10-22T00:00:00Z,74563531.19,NP,NP-P1
2021-11-22T00:00:00Z,74813691.24,NP,NP-P1
2021-12-22T00:00:00Z,75118763.17,NP,NP-P1
2022-01-22T00:00:00Z,75680366.25,NP,NP-P1
2022-02-22T00:00:00Z,76240156.31,NP,NP-P1
2022-03-22T00:00:00Z,203983920.91,NP,NP-P1
2022-04-22T00:00:00Z,76677133.84,NP,NP-P1
2022-05-22T00:00:00Z,78734934.47,NP,NP-P1
2022-06-22T00:00:00Z,80265564.14,NP,NP-P1
2022-07-22T00:00:00Z,82178731.85,NP,NP-P1
2022-08-22T00:00:00Z,82260678.46,NP,NP-P1
2022-09-22T00:00:00Z,82459549.1,NP,NP-P1
2022-10-22T00:00:00Z,82976475.7,NP,NP-P1
2022-11-22T00:00:00Z,84011480.0,NP,NP-P1
2022-12-22T00:00:00Z,84292479.69,NP,NP-P1
2023-01-22T00:00:00Z,84508508.97,NP,NP-P1
2023-02-22T00:00:00Z,84649250.32,NP,NP-P1
2023-03-22T00:00:00Z,84872146.58,NP,NP-P1
2023-04-22T00:00:00Z,85076346.2,NP,NP-P1
2023-05-22T00:00:00Z,85282599.26,NP,NP-P1
2023-06-22T00:00:00Z,85572952.24,NP,NP-P1
2023-07-22T00:00:00Z,86027680.88,NP,NP-P1
2023-08-22T00:00:00Z,86761921.02,NP,NP-P1
2023-09-22T00:00:00Z,87066000.1,NP,NP-P1
2023-10-22T00:00:00Z,87344266.28,NP,NP-P1
2023-11-22T00:00:00Z,87569149.27,NP,NP-P1
2023-12-22T00:00:00Z,88021817.89,NP,NP-P1
2024-01-22T00:00:00Z,88295477.48,NP,NP-P1
2024-02-22T00:00:00Z,88564798.97,NP,NP-P1
2024-03-22T00:00:00Z,88722912.71,NP,NP-P1
2024-04-22T00:00:00Z,88804183.78,NP,NP-P1
2024-05-22T00:00:00Z,88861888.84,NP,NP-P1
2024-06-22T00:00:00Z,89493884.1,NP,NP-P1
2024-07-22T00:00:00Z,89929835.1,NP,NP-P1
2024-08-22T00:00:00Z,90091736.78,NP,NP-P1
2024-09-22T00:00:00Z,90123205.2,NP,NP-P1
2024-10-22T00:00:00Z,90267158.45,NP,NP-P1
2024-11-22T00:00:00Z,90405157.68,NP,NP-P1
2024-12-22T00:00:00Z,90450501.5,NP,NP-P1
2025-01-22T00:00:00Z,90599385.11,NP,NP-P1
2025-02-22T00:00:00Z,90633457.5,NP,NP-P1
2025-03-22T00:00:00Z,90623362.53,NP,NP-P1
2025-04-22T00:00:00Z,90573062.58,NP,NP-P1
2025-05-22T00:00:00Z,90760386.16,NP,NP-P1
2025-06-22T00:00:00Z,91089993.38,NP,NP-P1
2025-07-22T00:00:00Z,91232154.98,NP,NP-P1
2025-08-22T00:00:00Z,91373182.29,NP,NP-P1
2025-09-22T00:00:00Z,91379335.73,NP,NP-P1
2025-10-22T00:00:00Z,91437457.86,NP,NP-P1
2008-01-22T00:00:00Z,0.0,NP,NP-P2
2008-02-22T00:00:00Z,0.0,NP,NP-P2
2008-03-22T00:00:00Z,0.0,NP,NP-P2
2008-04-22T00:00:00Z,0.0,NP,NP-P2
2008-05-22T00:00:00Z,0.0,NP,NP-P2
2008-06-22T00:00:00Z,0.0,NP,NP-P2
2008-07-22T00:00:00Z,0.0,NP,NP-P2
2008-08-22T00:00:00Z,0.0,NP,NP-P2
2008-09-22T00:00:00Z,0.0,NP,NP-P2
2008-10-22T00:00:00Z,0.0,NP,NP-P2
2008-11-22T00:00:00Z,0.0,NP,NP-P2
2008-12-22T00:00:00Z,0.0,NP,NP-P2
2009-01-22T00:00:00Z,0.0,NP,NP-P2
2009-02-22T00:00:00Z,0.0,NP,NP-P2
2009-03-22T00:00:00Z,0.0,NP,NP-P2
2009-04-22T00:00:00Z,0.0,NP,NP-P2
2009-05-22T00:00:00Z,0.0,NP,NP-P2
2009-06-22T00:00:00Z,0.0,NP,NP-P2
2009-07-22T00:00:00Z,0.0,NP,NP-P2
2009-08-22T00:00:00Z,0.0,NP,NP-P2
2009-09-22T00:00:00Z,0.0,NP,NP-P2
2009-10-22T00:00:00Z,0.0,NP,NP-P2
2009-11-22T00:00:00Z,0.0,NP,NP-P2
2009-12-22T00:00:00Z,0.0,NP,NP-P2
2010-01-22T00:00:00Z,0.0,NP,NP-P2
2010-02-22T00:00:00Z,0.0,NP,NP-P2
2010-03-22T00:00:00Z,0.0,NP,NP-P2
2010-04-22T00:00:00Z,0.0,NP,NP-P2
2010-05-22T00:00:00Z,0.0,NP,NP-P2
2010-06-22T00:00:00Z,0.0,NP,NP-P2
2010-07-22T00:00:00Z,0.0,NP,NP-P2
2010-08-22T00:00:00Z,0.0,NP,NP-P2
2010-09-22T00:00:00Z,0.0,NP,NP-P2
2010-10-22T00:00:00Z,0.0,NP,NP-P2
2010-11-22T00:00:00Z,0.0,NP,NP-P2
2010-12-22T00:00:00Z,0.0,NP,NP-P2
2011-01-22T00:00:00Z,0.0,NP,NP-P2
2011-02-22T00:00:00Z,0.0,NP,NP-P2
2011-03-22T00:00:00Z,0.0,NP,NP-P2
2011-04-22T00:00:00Z,0.0,NP,NP-P2
2011-05-22T00:00:00Z,0.0,NP,NP-P2
2011-06-22T00:00:00Z,0.0,NP,NP-P2
2011-07-22T00:00:00Z,0.0,NP,NP-P2
2011-08-22T00:00:00Z,0.0,NP,NP-P2
2011-09-22T00:00:00Z,0.0,NP,NP-P2
2011-10-22T00:00:00Z,0.0,NP,NP-P2
2011-11-22T00:00:00Z,3431.41,NP,NP-P2
2011-12-22T00:00:00Z,3431.41,NP,NP-P2
2012-01-22T00:00:00Z,3431.41,NP,NP-P2
2012-02-22T00:00:00Z,3431.41,NP,NP-P2
2012-03-22T00:00:00Z,3431.41,NP,NP-P2
2012-04-22T00:00:00Z,3431.41,NP,NP-P2
2012-05-22T00:00:00Z,3431.41,NP,NP-P2
2012-06-22T00:00:00Z,3431.41,NP,NP-P2
2012-07-22T00:00:00Z,3431.41,NP,NP-P2
2012-08-22T00:00:00Z,3431.41,NP,NP-P2
2012-09-22T00:00:00Z,3431.41,NP,NP-P2
2012-10-22T00:00:00Z,3431.41,NP,NP-P2
2012-11-22T00:00:00Z,3431.41,NP,NP-P2
2012-12-22T00:00:00Z,3431.41,NP,NP-P2
2013-01-22T00:00:00Z,3431.41,NP,NP-P2
2013-02-22T00:00:00Z,3431.41,NP,NP-P2
2013-03-22T00:00:00Z,3431.41,NP,NP-P2
2013-04-22T00:00:00Z,3431.41,NP,NP-P2
2013-05-22T00:00:00Z,36553.48,NP,NP-P2
2013-06-22T00:00:00Z,437890.38,NP,NP-P2
2013-07-22T00:00:00Z,437890.38,NP,NP-P2
2013-08-22T00:00:00Z,600503.25,NP,NP-P2
2013-09-22T00:00:00Z,957279.35,NP,NP-P2
2013-10-22T00:00:00Z,971025.64,NP,NP-P2
2013-11-22T00:00:00Z,990438.9,NP,NP-P2
2013-12-22T00:00:00Z,993366.97,NP,NP-P2
2014-01-22T00:00:00Z,1081849.1,NP,NP-P2
2014-02-22T00:00:00Z,1089797.95,NP,NP-P2
2014-03-22T00:00:00Z,1102132.18,NP,NP-P2
2014-04-22T00:00:00Z,1040902.23,NP,NP-P2
2014-05-22T00:00:00Z,1066097.25,NP,NP-P2
2014-06-22T00:00:00Z,1066097.25,NP,NP-P2
2014-07-22T00:00:00Z,1066309.24,NP,NP-P2
2014-08-22T00:00:00Z,1068956.77,NP,NP-P2
2014-09-22T00:00:00Z,1195547.21,NP,NP-P2
2014-10-22T00:00:00Z,1196395.01,NP,NP-P2
2014-11-22T00:00:00Z,1201055.33,NP,NP-P2
2014-12-22T00:00:00Z,1197724.21,NP,NP-P2
2015-01-22T00:00:00Z,1197724.21,NP,NP-P2
2015-02-22T00:00:00Z,1198959.94,NP,NP-P2
2015-03-22T00:00:00Z,1337887.82,NP,NP-P2
2015-04-22T00:00:00Z,1398750.77,NP,NP-P2
2015-05-22T00:00:00Z,1914390.45,NP,NP-P2
2015-06-22T00:00:00Z,2047142.18,NP,NP-P2
2015-07-22T00:00:00Z,2024003.8,NP,NP-P2
2015-08-22T00:00:00Z,2034039.61,NP,NP-P2
2015-09-22T00:00:00Z,2040239.47,NP,NP-P2
2015-10-22T00:00:00Z,2267924.39,NP,NP-P2
2015-11-22T00:00:00Z,2279987.95,NP,NP-P2
2015-12-22T00:00:00Z,2279987.95,NP,NP-P2
2016-01-22T00:00:00Z,2378894.09,NP,NP-P2
2016-02-22T00:00:00Z,2390908.0,NP,NP-P2
2016-03-22T00:00:00Z,2398577.72,NP,NP-P2
2016-04-22T00:00:00Z,2398577.72,NP,NP-P2
2016-05-22T00:00:00Z,2413496.57,NP,NP-P2
2016-06-22T00:00:00Z,2421488.86,NP,NP-P2
2016-07-22T00:00:00Z,2366398.55,NP,NP-P2
2016-08-22T00:00:00Z,2397119.28,NP,NP-P2
2016-09-22T00:00:00Z,2769725.13,NP,NP-P2
2016-10-22T00:00:00Z,2710403.99,NP,NP-P2
2016-11-22T00:00:00Z,2426120.81,NP,NP-P2
2016-12-22T00:00:00Z,2576680.5,NP,NP-P2
2017-01-22T00:00:00Z,2593464.28,NP,NP-P2
2017-02-22T00:00:00Z,2593464.28,NP,NP-P2
2017-03-22T00:00:00Z,2581522.74,NP,NP-P2
2017-04-22T00:00:00Z,2581838.2,NP,NP-P2
2017-05-22T00:00:00Z,2582678.96,NP,NP-P2
2017-06-22T00:00:00Z,2615737.79,NP,NP-P2
2017-07-22T00:00:00Z,2883140.18,NP,NP-P2
2017-08-22T00:00:00Z,2998636.23,NP,NP-P2
2017-09-22T00:00:00Z,3665493.55,NP,NP-P2
2017-10-22T00:00:00Z,6611469.18,NP,NP-P2
2017-11-22T00:00:00Z,9627262.73,NP,NP-P2
2017-12-22T00:00:00Z,9848261.97,NP,NP-P2
2018-01-22T00:00:00Z,10442345.78,NP,NP-P2
2018-02-22T00:00:00Z,10830130.12,NP,NP-P2
2018-03-22T00:00:00Z,11154251.71,NP,NP-P2
2018-04-22T00:00:00Z,11779382.34,NP,NP-P2
2018-05-22T00:00:00Z,13669301.17,NP,NP-P2
2018-06-22T00:00:00Z,13988350.64,NP,NP-P2
2018-07-22T00:00:00Z,14239068.32,NP,NP-P2
2018-08-22T00:00:00Z,14272240.92,NP,NP-P2
2018-09-22T00:00:00Z,14279419.24,NP,NP-P2
2018-10-22T00:00:00Z,14490938.0,NP,NP-P2
2018-11-22T00:00:00Z,15708068.84,NP,NP-P2
2018-12-22T00:00:00Z,15797738.82,NP,NP-P2
2019-01-22T00:00:00Z,15812375.32,NP,NP-P2
2019-02-22T00:00:00Z,15811937.85,NP,NP-P2
2019-03-22T00:00:00Z,15823906.13,NP,NP-P2
2019-04-22T00:00:00Z,15828781.35,NP,NP-P2
2019-05-22T00:00:00Z,15765893.07,NP,NP-P2
2019-06-22T00:00:00Z,15775177.32,NP,NP-P2
2019-07-22T00:00:00Z,16410311.37,NP,NP-P2
2019-08-22T00:00:00Z,16857820.66,NP,NP-P2
2019-09-22T00:00:00Z,16857781.21,NP,NP-P2
2019-10-22T00:00:00Z,16859602.36,NP,NP-P2
2019-11-22T00:00:00Z,17008077.76,NP,NP-P2
2019-12-22T00:00:00Z,17042368.41,NP,NP-P2
2020-01-22T00:00:00Z,17408190.63,NP,NP-P2
2020-02-22T00:00:00Z,17956946.27,NP,NP-P2
2020-03-22T00:00:00Z,18135104.0,NP,NP-P2
2020-04-22T00:00:00Z,18793176.0,NP,NP-P2
2020-05-22T00:00:00Z,19340609.07,NP,NP-P2
2020-06-22T00:00:00Z,19441316.7,NP,NP-P2
2020-07-22T00:00:00Z,25182071.47,NP,NP-P2
2020-08-22T00:00:00Z,30696933.23,NP,NP-P2
2020-09-22T00:00:00Z,34990093.04,NP,NP-P2
2020-10-22T00:00:00Z,35581368.73,NP,NP-P2
2020-11-22T00:00:00Z,36502484.23,NP,NP-P2
2020-12-22T00:00:00Z,37150879.44,NP,NP-P2
2021-01-22T00:00:00Z,37991714.65,NP,NP-P2
2021-02-22T00:00:00Z,38855386.05,NP,NP-P2
2021-03-22T00:00:00Z,39828183.16,NP,NP-P2
2021-04-22T00:00:00Z,41429516.43,NP,NP-P2
2021-05-22T00:00:00Z,43416974.03,NP,NP-P2
2021-06-22T00:00:00Z,64204297.66,NP,NP-P2
2021-07-22T00:00:00Z,69113429.25,NP,NP-P2
2021-08-22T00:00:00Z,71251700.01,NP,NP-P2
2021-09-22T00:00:00Z,72105128.27,NP,NP-P2
2021-10-22T00:00:00Z,72811608.34,NP,NP-P2
2021-11-22T00:00:00Z,75168199.82,NP,NP-P2
2021-12-22T00:00:00Z,76373471.41,NP,NP-P2
2022-01-22T00:00:00Z,77294640.54,NP,NP-P2
2022-02-22T00:00:00Z,77596348.44,NP,NP-P2
2022-03-22T00:00:00Z,77624601.9,NP,NP-P2
2022-04-22T00:00:00Z,77655652.39,NP,NP-P2
2022-05-22T00:00:00Z,77749848.31,NP,NP-P2
2022-06-22T00:00:00Z,77758518.29,NP,NP-P2
2022-07-22T00:00:00Z,77839387.18,NP,NP-P2
2022-08-22T00:00:00Z,78643393.51,NP,NP-P2
2022-09-22T00:00:00Z,78996439.32,NP,NP-P2
2022-10-22T00:00:00Z,79149368.53,NP,NP-P2
2022-11-22T00:00:00Z,79530364.55,NP,NP-P2
2022-12-22T00:00:00Z,79671612.47,NP,NP-P2
2023-01-22T00:00:00Z,79642543.56,NP,NP-P2
2023-02-22T00:00:00Z,80267590.11,NP,NP-P2
2023-03-22T00:00:00Z,80343416.72,NP,NP-P2
2023-04-22T00:00:00Z,80425338.94,NP,NP-P2
2023-05-22T00:00:00Z,80650654.89,NP,NP-P2
2023-06-22T00:00:00Z,81230878.07,NP,NP-P2
2023-07-22T00:00:00Z,81709332.52,NP,NP-P2
2023-08-22T00:00:00Z,82617850.78,NP,NP-P2
2023-09-22T00:00:00Z,82823278.93,NP,NP-P2
2023-10-22T00:00:00Z,82935852.26,NP,NP-P2
2023-11-22T00:00:00Z,84189455.47,NP,NP-P2
2023-12-22T00:00:00Z,84277484.11,NP,NP-P2
2024-01-22T00:00:00Z,84417522.91,NP,NP-P2
2024-02-22T00:00:00Z,84375480.87,NP,NP-P2
2024-03-22T00:00:00Z,84414269.58,NP,NP-P2
2024-04-22T00:00:00Z,84420719.13,NP,NP-P2
2024-05-22T00:00:00Z,84423394.31,NP,NP-P2
2024-06-22T00:00:00Z,84433702.82,NP,NP-P2
2024-07-22T00:00:00Z,87788285.35,NP,NP-P2
2024-08-22T00:00:00Z,87892243.39,NP,NP-P2
2024-09-22T00:00:00Z,88128274.2,NP,NP-P2
2024-10-22T00:00:00Z,88286018.48,NP,NP-P2
2024-11-22T00:00:00Z,88323214.96,NP,NP-P2
2024-12-22T00:00:00Z,88332524.47,NP,NP-P2
2025-01-22T00:00:00Z,88344271.24,NP,NP-P2
2025-02-22T00:00:00Z,85272219.39,NP,NP-P2
2025-03-22T00:00:00Z,85260800.62,NP,NP-P2
2025-04-22T00:00:00Z,85421118.1,NP,NP-P2
2025-05-22T00:00:00Z,85430372.31,NP,NP-P2
2025-06-22T00:00:00Z,85441942.45,NP,NP-P2
2025-07-22T00:00:00Z,85442433.58,NP,NP-P2
2025-08-22T00:00:00Z,85441368.56,NP,NP-P2
2025-09-22T00:00:00Z,85444410.23,NP,NP-P2
2025-10-22T00:00:00Z,85448391.61,NP,NP-P2
2008-01-22T00:00:00Z,0.0,NP,NP-P7
2008-02-22T00:00:00Z,0.0,NP,NP-P7
2008-03-22T00:00:00Z,0.0,NP,NP-P7
2008-04-22T00:00:00Z,0.0,NP,NP-P7
2008-05-22T00:00:00Z,0.0,NP,NP-P7
2008-06-22T00:00:00Z,0.0,NP,NP-P7
2008-07-22T00:00:00Z,0.0,NP,NP-P7
2008-08-22T00:00:00Z,0.0,NP,NP-P7
2008-09-22T00:00:00Z,0.0,NP,NP-P7
2008-10-22T00:00:00Z,0.0,NP,NP-P7
2008-11-22T00:00:00Z,0.0,NP,NP-P7
2008-12-22T00:00:00Z,0.0,NP,NP-P7
2009-01-22T00:00:00Z,0.0,NP,NP-P7
2009-02-22T00:00:00Z,0.0,NP,NP-P7
2009-03-22T00:00:00Z,0.0,NP,NP-P7
2009-04-22T00:00:00Z,0.0,NP,NP-P7
2009-05-22T00:00:00Z,0.0,NP,NP-P7
2009-06-22T00:00:00Z,0.0,NP,NP-P7
2009-07-22T00:00:00Z,0.0,NP,NP-P7
2009-08-22T00:00:00Z,0.0,NP,NP-P7
2009-09-22T00:00:00Z,0.0,NP,NP-P7
2009-10-22T00:00:00Z,0.0,NP,NP-P7
2009-11-22T00:00:00Z,0.0,NP,NP-P7
2009-12-22T00:00:00Z,0.0,NP,NP-P7
2010-01-22T00:00:00Z,0.0,NP,NP-P7
2010-02-22T00:00:00Z,0.0,NP,NP-P7
2010-03-22T00:00:00Z,0.0,NP,NP-P7
2010-04-22T00:00:00Z,0.0,NP,NP-P7
2010-05-22T00:00:00Z,0.0,NP,NP-P7
2010-06-22T00:00:00Z,0.0,NP,NP-P7
2010-07-22T00:00:00Z,0.0,NP,NP-P7
2010-08-22T00:00:00Z,0.0,NP,NP-P7
2010-09-22T00:00:00Z,0.0,NP,NP-P7
2010-10-22T00:00:00Z,0.0,NP,NP-P7
2010-11-22T00:00:00Z,0.0,NP,NP-P7
2010-12-22T00:00:00Z,0.0,NP,NP-P7
2011-01-22T00:00:00Z,0.0,NP,NP-P7
2011-02-22T00:00:00Z,0.0,NP,NP-P7
2011-03-22T00:00:00Z,0.0,NP,NP-P7
2011-04-22T00:00:00Z,0.0,NP,NP-P7
2011-05-22T00:00:00Z,0.0,NP,NP-P7
2011-06-22T00:00:00Z,0.0,NP,NP-P7
2011-07-22T00:00:00Z,0.0,NP,NP-P7
2011-08-22T00:00:00Z,0.0,NP,NP-P7
2011-09-22T00:00:00Z,0.0,NP,NP-P7
2011-10-22T00:00:00Z,0.0,NP,NP-P7
2011-11-22T00:00:00Z,0.0,NP,NP-P7
2011-12-22T00:00:00Z,0.0,NP,NP-P7
2012-01-22T00:00:00Z,0.0,NP,NP-P7
2012-02-22T00:00:00Z,0.0,NP,NP-P7
2012-03-22T00:00:00Z,0.0,NP,NP-P7
2012-04-22T00:00:00Z,0.0,NP,NP-P7
2012-05-22T00:00:00Z,0.0,NP,NP-P7
2012-06-22T00:00:00Z,0.0,NP,NP-P7
2012-07-22T00:00:00Z,0.0,NP,NP-P7
2012-08-22T00:00:00Z,0.0,NP,NP-P7
2012-09-22T00:00:00Z,0.0,NP,NP-P7
2012-10-22T00:00:00Z,0.0,NP,NP-P7
2012-11-22T00:00:00Z,0.0,NP,NP-P7
2012-12-22T00:00:00Z,0.0,NP,NP-P7
2013-01-22T00:00:00Z,0.0,NP,NP-P7
2013-02-22T00:00:00Z,0.0,NP,NP-P7
2013-03-22T00:00:00Z,0.0,NP,NP-P7
2013-04-22T00:00:00Z,0.0,NP,NP-P7
2013-05-22T00:00:00Z,0.0,NP,NP-P7
2013-06-22T00:00:00Z,0.0,NP,NP-P7
2013-07-22T00:00:00Z,8272.37,NP,NP-P7
2013-08-22T00:00:00Z,17035.74,NP,NP-P7
2013-09-22T00:00:00Z,17163.93,NP,NP-P7
2013-10-22T00:00:00Z,17163.93,NP,NP-P7
2013-11-22T00:00:00Z,17360.26,NP,NP-P7
2013-12-22T00:00:00Z,19647.16,NP,NP-P7
2014-01-22T00:00:00Z,245917.84,NP,NP-P7
2014-02-22T00:00:00Z,248120.15,NP,NP-P7
2014-03-22T00:00:00Z,263734.66,NP,NP-P7
2014-04-22T00:00:00Z,263734.66,NP,NP-P7
2014-05-22T00:00:00Z,263734.66,NP,NP-P7
2014-06-22T00:00:00Z,267389.24,NP,NP-P7
2014-07-22T00:00:00Z,267389.24,NP,NP-P7
2014-08-22T00:00:00Z,267389.24,NP,NP-P7
2014-09-22T00:00:00Z,282518.6,NP,NP-P7
2014-10-22T00:00:00Z,282518.6,NP,NP-P7
2014-11-22T00:00:00Z,281522.3,NP,NP-P7
2014-12-22T00:00:00Z,282475.2,NP,NP-P7
2015-01-22T00:00:00Z,282475.2,NP,NP-P7
2015-02-22T00:00:00Z,282475.2,NP,NP-P7
2015-03-22T00:00:00Z,288685.74,NP,NP-P7
2015-04-22T00:00:00Z,288685.74,NP,NP-P7
2015-05-22T00:00:00Z,382707.35,NP,NP-P7
2015-06-22T00:00:00Z,383556.92,NP,NP-P7
2015-07-22T00:00:00Z,383556.92,NP,NP-P7
2015-08-22T00:00:00Z,414793.62,NP,NP-P7
2015-09-22T00:00:00Z,536100.78,NP,NP-P7
2015-10-22T00:00:00Z,540163.73,NP,NP-P7
2015-11-22T00:00:00Z,539281.79,NP,NP-P7
2015-12-22T00:00:00Z,586320.74,NP,NP-P7
2016-01-22T00:00:00Z,586320.74,NP,NP-P7
2016-02-22T00:00:00Z,593684.41,NP,NP-P7
2016-03-22T00:00:00Z,593684.41,NP,NP-P7
2016-04-22T00:00:00Z,696441.95,NP,NP-P7
2016-05-22T00:00:00Z,1931547.66,NP,NP-P7
2016-06-22T00:00:00Z,1975071.12,NP,NP-P7
2016-07-22T00:00:00Z,1983183.28,NP,NP-P7
2016-08-22T00:00:00Z,1996873.54,NP,NP-P7
2016-09-22T00:00:00Z,2153231.17,NP,NP-P7
2016-10-22T00:00:00Z,2162913.49,NP,NP-P7
2016-11-22T00:00:00Z,2198063.14,NP,NP-P7
2016-12-22T00:00:00Z,2193673.99,NP,NP-P7
2017-01-22T00:00:00Z,2193673.99,NP,NP-P7
2017-02-22T00:00:00Z,2200158.92,NP,NP-P7
2017-03-22T00:00:00Z,2271399.47,NP,NP-P7
2017-04-22T00:00:00Z,2474906.63,NP,NP-P7
2017-05-22T00:00:00Z,3382497.39,NP,NP-P7
2017-06-22T00:00:00Z,3504018.22,NP,NP-P7
2017-07-22T00:00:00Z,9297526.65,NP,NP-P7
2017-08-22T00:00:00Z,11629369.16,NP,NP-P7
2017-09-22T00:00:00Z,12189190.27,NP,NP-P7
2017-10-22T00:00:00Z,16191679.95,NP,NP-P7
2017-11-22T00:00:00Z,16396148.52,NP,NP-P7
2017-12-22T00:00:00Z,16441415.84,NP,NP-P7
2018-01-22T00:00:00Z,16453071.66,NP,NP-P7
2018-02-22T00:00:00Z,16556537.49,NP,NP-P7
2018-03-22T00:00:00Z,16739067.17,NP,NP-P7
2018-04-22T00:00:00Z,16913802.92,NP,NP-P7
2018-05-22T00:00:00Z,17054297.11,NP,NP-P7
2018-06-22T00:00:00Z,17059907.51,NP,NP-P7
2018-07-22T00:00:00Z,17083617.66,NP,NP-P7
2018-08-22T00:00:00Z,17188599.55,NP,NP-P7
2018-09-22T00:00:00Z,17418903.37,NP,NP-P7
2018-10-22T00:00:00Z,17493509.27,NP,NP-P7
2018-11-22T00:00:00Z,17531566.59,NP,NP-P7
2018-12-22T00:00:00Z,17507011.5,NP,NP-P7
2019-01-22T00:00:00Z,17507492.82,NP,NP-P7
2019-02-22T00:00:00Z,17552855.21,NP,NP-P7
2019-03-22T00:00:00Z,17558348.34,NP,NP-P7
2019-04-22T00:00:00Z,17560369.11,NP,NP-P7
2019-05-22T00:00:00Z,17571538.06,NP,NP-P7
2019-06-22T00:00:00Z,17574816.06,NP,NP-P7
2019-07-22T00:00:00Z,17579959.0,NP,NP-P7
2019-08-22T00:00:00Z,17624738.97,NP,NP-P7
2019-09-22T00:00:00Z,18978585.36,NP,NP-P7
2019-10-22T00:00:00Z,19022576.25,NP,NP-P7
2019-11-22T00:00:00Z,19066910.93,NP,NP-P7
2019-12-22T00:00:00Z,19179495.64,NP,NP-P7
2020-01-22T00:00:00Z,19289271.22,NP,NP-P7
2020-02-22T00:00:00Z,19365619.76,NP,NP-P7
2020-03-22T00:00:00Z,19914543.3,NP,NP-P7
2020-04-22T00:00:00Z,20233852.49,NP,NP-P7
2020-05-22T00:00:00Z,20296507.42,NP,NP-P7
2020-06-22T00:00:00Z,20686938.93,NP,NP-P7
2020-07-22T00:00:00Z,20721054.11,NP,NP-P7
2020-08-22T00:00:00Z,23418540.9,NP,NP-P7
2020-09-22T00:00:00Z,26212289.88,NP,NP-P7
2020-10-22T00:00:00Z,26977623.28,NP,NP-P7
2020-11-22T00:00:00Z,28809675.79,NP,NP-P7
2020-12-22T00:00:00Z,30940937.76,NP,NP-P7
2021-01-22T00:00:00Z,30993375.98,NP,NP-P7
2021-02-22T00:00:00Z,31343324.78,NP,NP-P7
2021-03-22T00:00:00Z,31487781.36,NP,NP-P7
2021-04-22T00:00:00Z,31764861.52,NP,NP-P7
2021-05-22T00:00:00Z,31938627.51,NP,NP-P7
2021-06-22T00:00:00Z,32675627.57,NP,NP-P7
2021-07-22T00:00:00Z,32817698.14,NP,NP-P7
2021-08-22T00:00:00Z,32883526.6,NP,NP-P7
2021-09-22T00:00:00Z,32943373.92,NP,NP-P7
2021-10-22T00:00:00Z,33283489.95,NP,NP-P7
2021-11-22T00:00:00Z,33472195.88,NP,NP-P7
2021-12-22T00:00:00Z,33508735.24,NP,NP-P7
2022-01-22T00:00:00Z,33721640.85,NP,NP-P7
2022-02-22T00:00:00Z,34315482.89,NP,NP-P7
2022-03-22T00:00:00Z,34726342.43,NP,NP-P7
2022-04-22T00:00:00Z,35222023.6,NP,NP-P7
2022-05-22T00:00:00Z,35711608.05,NP,NP-P7
2022-06-22T00:00:00Z,36250910.47,NP,NP-P7
2022-07-22T00:00:00Z,37834615.86,NP,NP-P7
2022-08-22T00:00:00Z,38503648.68,NP,NP-P7
2022-09-22T00:00:00Z,39266128.38,NP,NP-P7
2022-10-22T00:00:00Z,39442832.15,NP,NP-P7
2022-11-22T00:00:00Z,39713907.98,NP,NP-P7
2022-12-22T00:00:00Z,39810591.54,NP,NP-P7
2023-01-22T00:00:00Z,39931913.6,NP,NP-P7
2023-02-22T00:00:00Z,40044640.28,NP,NP-P7
2023-03-22T00:00:00Z,40167069.19,NP,NP-P7
2023-04-22T00:00:00Z,40179475.29,NP,NP-P7
2023-05-22T00:00:00Z,40511121.45,NP,NP-P7
2023-06-22T00:00:00Z,40579478.81,NP,NP-P7
2023-07-22T00:00:00Z,40600085.22,NP,NP-P7
2023-08-22T00:00:00Z,40609731.52,NP,NP-P7
2023-09-22T00:00:00Z,40682254.96,NP,NP-P7
2023-10-22T00:00:00Z,40715398.1,NP,NP-P7
2023-11-22T00:00:00Z,40716984.74,NP,NP-P7
2023-12-22T00:00:00Z,40734550.68,NP,NP-P7
2024-01-22T00:00:00Z,40752362.75,NP,NP-P7
2024-02-22T00:00:00Z,40904081.11,NP,NP-P7
2024-03-22T00:00:00Z,41485746.31,NP,NP-P7
2024-04-22T00:00:00Z,42540309.08,NP,NP-P7
2024-05-22T00:00:00Z,43234961.17,NP,NP-P7
2024-06-22T00:00:00Z,43890560.41,NP,NP-P7
2024-07-22T00:00:00Z,43943630.95,NP,NP-P7
2024-08-22T00:00:00Z,44072308.05,NP,NP-P7
2024-09-22T00:00:00Z,44130752.89,NP,NP-P7
2024-10-22T00:00:00Z,44147505.76,NP,NP-P7
2024-11-22T00:00:00Z,44148034.29,NP,NP-P7
2024-12-22T00:00:00Z,44148292.06,NP,NP-P7
2025-01-22T00:00:00Z,44161342.47,NP,NP-P7
2025-02-22T00:00:00Z,44191262.98,NP,NP-P7
2025-03-22T00:00:00Z,44191234.46,NP,NP-P7
2025-04-22T00:00:00Z,44191842.94,NP,NP-P7
2025-05-22T00:00:00Z,44194164.67,NP,NP-P7
2025-06-22T00:00:00Z,44201800.1,NP,NP-P7
2025-07-22T00:00:00Z,44229667.52,NP,NP-P7
2025-08-22T00:00:00Z,44234028.91,NP,NP-P7
2025-09-22T00:00:00Z,44240924.14,NP,NP-P7
2025-10-22T00:00:00Z,44260918.86,NP,NP-P7
